pubchem-id	disease-id
5280445.0	MESH:D007249
5280445.0	MESH:D009202
5280445.0	MESH:D002386
5280445.0	MESH:D010051
5280445.0	MESH:D007674
5280445.0	MESH:D008103
5280445.0	MESH:D001169
5280445.0	MESH:D005483
5280445.0	MESH:D002471
5280445.0	MESH:D006529
5280343.0	MESH:D006965
5280343.0	MESH:D007951
5280343.0	MESH:D018149
5280343.0	MESH:D015663
5280343.0	MESH:D011141
5280343.0	MESH:D006528
5280343.0	MESH:D007859
5280343.0	MESH:D011507
5280343.0	MESH:D006937
5280343.0	MESH:D063806
5280343.0	MESH:D009765
5280343.0	MESH:D001749
5280343.0	MESH:D006930
5280343.0	MESH:D009374
5280343.0	MESH:D015228
5280343.0	MESH:D065626
5280343.0	MESH:D006946
5280343.0	MESH:D015179
5280343.0	MESH:D008103
5280343.0	MESH:D008113
5280343.0	MESH:D001260
5280343.0	MESH:D003110
5280343.0	MESH:D009362
5280343.0	MESH:D019446
5280343.0	MESH:D009062
5280343.0	MESH:D005911
5280343.0	MESH:D009845
5280343.0	MESH:D002869
5280343.0	MESH:D002100
5280343.0	MESH:D053609
5280343.0	MESH:D001930
5280343.0	MESH:D004487
5280343.0	MESH:D012554
5280343.0	MESH:D004195
5280343.0	MESH:D019457
5280343.0	MESH:D005234
5280343.0	MESH:D001008
5280343.0	MESH:D002546
5280343.0	MESH:D007683
5280343.0	MESH:D001201
5280343.0	MESH:D003556
5280343.0	MESH:D010051
5280343.0	MESH:D005910
5280343.0	MESH:D004942
5280343.0	MESH:D009369
5280343.0	MESH:D008569
5280343.0	MESH:D002375
5280343.0	MESH:D050171
5280343.0	MESH:D024821
5280343.0	MESH:D006976
5280343.0	MESH:D033461
5280343.0	MESH:D005355
5280343.0	MESH:D020263
5280343.0	MESH:D002294
5280343.0	MESH:D015428
5280343.0	MESH:D015430
5280343.0	MESH:D012878
5280343.0	MESH:D029424
5280343.0	MESH:D007251
5280343.0	MESH:D021441
5280343.0	MESH:D007627
5280343.0	MESH:D006332
5280343.0	MESH:D008114
5280343.0	MESH:D006471
5280343.0	MESH:D007333
5280343.0	MESH:D011230
5280343.0	MESH:D011041
5280343.0	MESH:D000783
5280343.0	MESH:D001943
5280343.0	MESH:D028361
5280343.0	MESH:D009410
5280343.0	MESH:D013272
5280343.0	MESH:D004409
5280343.0	MESH:D000743
5280343.0	MESH:D001724
5280343.0	MESH:D000402
5280343.0	MESH:D055371
5280343.0	MESH:D064420
5280343.0	MESH:D006949
5280343.0	MESH:D013276
5280343.0	MESH:D017380
5280343.0	MESH:D001157
5280343.0	MESH:D061205
5280343.0	MESH:D013733
5280343.0	MESH:D007249
5280343.0	MESH:D002357
5280343.0	MESH:D066126
5280343.0	MESH:D008325
5280343.0	MESH:D011471
5280343.0	MESH:D012912
5280343.0	MESH:D007238
5280343.0	MESH:D009203
5280343.0	MESH:D008107
5280343.0	MESH:D016399
5280343.0	MESH:D006529
5280343.0	MESH:D006943
5280343.0	MESH:D009202
5280343.0	MESH:D010195
5280343.0	MESH:D006973
5280343.0	MESH:D011125
5280343.0	MESH:D009336
5280343.0	MESH:D008106
5280343.0	MESH:D055370
5280343.0	MESH:D009361
5280343.0	MESH:D053627
5280343.0	MESH:D005909
5280343.0	MESH:D017379
5280343.0	MESH:D002105
5280343.0	MESH:D050197
5280343.0	MESH:D007674
5280343.0	MESH:D009436
5280343.0	MESH:D012130
5280343.0	MESH:D005483
5280343.0	MESH:D003967
5280343.0	MESH:D002471
5280343.0	MESH:D020078
5280343.0	MESH:D015431
5280343.0	MESH:D015427
5280343.0	MESH:D008175
5280343.0	MESH:D007172
5280343.0	MESH:D056486
5280343.0	MESH:D013274
5280343.0	MESH:D006984
5280343.0	MESH:D007410
5280343.0	MESH:D003072
5280343.0	MESH:D006461
5280343.0	MESH:D058186
5280343.0	MESH:D019636
5280343.0	MESH:D006470
5280343.0	MESH:D017544
5280343.0	MESH:D013724
5280343.0	MESH:D010146
5280343.0	MESH:D001327
5280343.0	MESH:D058226
5280343.0	MESH:D002296
5280343.0	MESH:D003921
5280343.0	MESH:D002312
5280343.0	MESH:D018487
5280343.0	MESH:D011654
4114.0	MESH:D014820
4114.0	MESH:D008175
4114.0	MESH:D014006
4114.0	MESH:D007674
4114.0	MESH:D056486
4114.0	MESH:D016410
4114.0	MESH:D004485
4114.0	MESH:D015837
4114.0	MESH:D011565
4114.0	MESH:D009182
5280450.0	MESH:D006937
5280450.0	MESH:D005234
5280450.0	MESH:D006526
5280450.0	MESH:D056889
5280450.0	MESH:D017453
5280450.0	MESH:D008175
5280450.0	MESH:D006949
5280450.0	MESH:D015228
5280450.0	MESH:D009361
5280450.0	MESH:D009362
5280443.0	MESH:D007249
5280443.0	MESH:D009202
5280443.0	MESH:D012878
5280443.0	MESH:D002869
5280443.0	MESH:D008545
5280443.0	MESH:D011041
5280443.0	MESH:D002286
5280443.0	MESH:D001943
5280443.0	MESH:D005910
5280443.0	MESH:D001169
5280443.0	MESH:D011471
5280443.0	MESH:D009374
5280443.0	MESH:D000257
5280443.0	MESH:D009361
5280443.0	MESH:D010190
5280443.0	MESH:D003110
5280443.0	MESH:D005235
5280443.0	MESH:D009362
6037.0	MESH:D018376
6037.0	MESH:D001284
6037.0	MESH:D000013
6037.0	MESH:D006973
6037.0	MESH:D009901
6037.0	MESH:D000744
6037.0	MESH:D001943
6037.0	MESH:D005317
6037.0	MESH:D020964
6037.0	MESH:D011085
6037.0	MESH:D000743
6037.0	MESH:D009503
6037.0	MESH:D011565
6037.0	MESH:D013182
6037.0	MESH:D005494
6037.0	MESH:D014123
6037.0	MESH:D012851
6037.0	MESH:D000741
6037.0	MESH:D052016
6037.0	MESH:D007021
6037.0	MESH:D002386
6037.0	MESH:D000749
6037.0	MESH:D020138
6037.0	MESH:D009374
6037.0	MESH:D009436
6037.0	MESH:D011602
6037.0	MESH:D009303
6037.0	MESH:D000755
6037.0	MESH:D002318
6037.0	MESH:D004244
6037.0	MESH:D015179
6037.0	MESH:D000236
6037.0	MESH:D001161
6037.0	MESH:D006330
6037.0	MESH:D019767
6037.0	MESH:D000756
6037.0	MESH:D012607
6037.0	MESH:D006948
6037.0	MESH:D049188
6037.0	MESH:D003117
6037.0	MESH:D015535
6037.0	MESH:D000430
6037.0	MESH:D002971
6037.0	MESH:D016135
6037.0	MESH:D020521
6037.0	MESH:D003924
6037.0	MESH:D006261
6037.0	MESH:D000370
6037.0	MESH:D011297
6037.0	MESH:D013921
6037.0	MESH:D016889
6037.0	MESH:D002292
6037.0	MESH:D001927
6037.0	MESH:D013118
6037.0	MESH:D001925
6037.0	MESH:D005235
6037.0	MESH:D002524
6037.0	MESH:D003072
6037.0	MESH:D009135
6037.0	MESH:D010018
6037.0	MESH:D012559
6037.0	MESH:D012871
6037.0	MESH:D016778
6037.0	MESH:D000014
6037.0	MESH:D000748
6037.0	MESH:D008545
6037.0	MESH:D006402
6037.0	MESH:D000757
6037.0	MESH:D001714
6037.0	MESH:D000544
985.0	MESH:D016778
5280863.0	MESH:D006943
5280863.0	MESH:D009202
5280863.0	MESH:D050197
5280863.0	MESH:D001943
5280863.0	MESH:D010024
5280863.0	MESH:D002318
5280863.0	MESH:D002471
67678.0	MESH:D012480
6137.0	MESH:D007249
6137.0	MESH:D006505
6137.0	MESH:D007669
6137.0	MESH:D011041
6137.0	MESH:D020335
6137.0	MESH:D008106
6137.0	MESH:D008661
6137.0	MESH:D056486
6137.0	MESH:D019970
6137.0	MESH:D005910
6137.0	MESH:D034381
6137.0	MESH:D012640
6137.0	MESH:D016136
6137.0	MESH:D013118
6137.0	MESH:D065626
6137.0	MESH:D015431
6137.0	MESH:D003711
6137.0	MESH:D005235
6137.0	MESH:D005327
6137.0	MESH:D006528
5281672.0	MESH:D005909
5281672.0	MESH:D009336
5281672.0	MESH:D009393
5281672.0	MESH:D009203
5281672.0	MESH:D002471
938.0	MESH:D003327
938.0	MESH:D006973
938.0	MESH:D002546
938.0	MESH:D007003
938.0	MESH:D001943
938.0	MESH:D007662
938.0	MESH:D055370
938.0	MESH:D009127
938.0	MESH:D003920
938.0	MESH:D007676
938.0	MESH:D009369
938.0	MESH:D005923
938.0	MESH:D006938
938.0	MESH:D007009
938.0	MESH:D011014
938.0	MESH:D011507
938.0	MESH:D006937
938.0	MESH:D050197
938.0	MESH:D002386
938.0	MESH:D006950
938.0	MESH:D000749
938.0	MESH:D006954
938.0	MESH:D020244
938.0	MESH:D014947
938.0	MESH:D050171
938.0	MESH:D006949
938.0	MESH:D015228
938.0	MESH:D024821
938.0	MESH:D002318
938.0	MESH:D008060
938.0	MESH:D001161
938.0	MESH:D006952
938.0	MESH:D023921
938.0	MESH:D052456
938.0	MESH:D002971
938.0	MESH:D020521
938.0	MESH:D010383
938.0	MESH:D003925
938.0	MESH:D006951
938.0	MESH:D008881
938.0	MESH:D003072
938.0	MESH:D007938
938.0	MESH:D003324
938.0	MESH:D007249
938.0	MESH:D019446
938.0	MESH:D015428
938.0	MESH:D002340
938.0	MESH:D018476
938.0	MESH:D010146
938.0	MESH:D009203
938.0	MESH:D002418
938.0	MESH:D043171
938.0	MESH:D018781
938.0	MESH:D000544
938.0	MESH:D002972
1054.0	MESH:D005119
1054.0	MESH:D005155
1054.0	MESH:D004421
1054.0	MESH:D009336
1054.0	MESH:D004401
1054.0	MESH:D006527
1054.0	MESH:D012640
1054.0	MESH:D002653
1054.0	MESH:D003221
1054.0	MESH:D009886
1054.0	MESH:D009422
1054.0	MESH:D014397
1054.0	MESH:D011251
1054.0	MESH:D005533
1054.0	MESH:D000437
1054.0	MESH:D003389
1054.0	MESH:D011115
1054.0	MESH:D011618
1054.0	MESH:D000756
1054.0	MESH:D006948
1054.0	MESH:D015362
1054.0	MESH:D003680
1054.0	MESH:D002971
1054.0	MESH:D014376
1054.0	MESH:D020437
1054.0	MESH:D010292
1054.0	MESH:D001763
1054.0	MESH:D012559
1054.0	MESH:D003128
1054.0	MESH:D012871
1054.0	MESH:D013226
1054.0	MESH:D055985
1054.0	MESH:D010300
1054.0	MESH:D004890
1054.0	MESH:D010146
1054.0	MESH:D006229
1054.0	MESH:D010523
1054.0	MESH:D010302
1054.0	MESH:D002972
445354.0	MESH:D012127
445354.0	MESH:D009202
445354.0	MESH:D011559
445354.0	MESH:D006548
445354.0	MESH:D007232
445354.0	MESH:D009369
445354.0	MESH:D011565
445354.0	MESH:D018307
445354.0	MESH:D008171
445354.0	MESH:D001997
445354.0	MESH:D002386
445354.0	MESH:D000152
445354.0	MESH:D014802
445354.0	MESH:D006330
445354.0	MESH:D015362
445354.0	MESH:D008103
445354.0	MESH:D010859
445354.0	MESH:D003110
445354.0	MESH:D003316
445354.0	MESH:D007057
445354.0	MESH:D000740
445354.0	MESH:D012871
445354.0	MESH:D007414
445354.0	MESH:D018798
445354.0	MESH:D015658
445354.0	MESH:D008114
493570.0	MESH:D007249
493570.0	MESH:D015362
493570.0	MESH:D019954
493570.0	MESH:D009369
493570.0	MESH:D012871
493570.0	MESH:D002386
493570.0	MESH:D020521
493570.0	MESH:D001943
493570.0	MESH:D006261
493570.0	MESH:D015228
493570.0	MESH:D006951
493570.0	MESH:D008881
493570.0	MESH:D015179
6202.0	MESH:D000138
6202.0	MESH:D009202
6202.0	MESH:D015362
6202.0	MESH:D006501
6202.0	MESH:D000430
6202.0	MESH:D002386
6202.0	MESH:D002971
6202.0	MESH:D010146
6202.0	MESH:D006333
6202.0	MESH:D017240
6202.0	MESH:D001927
6202.0	MESH:D001714
6202.0	MESH:D007855
6202.0	MESH:D002524
6202.0	MESH:D002972
6202.0	MESH:D014899
962.0	MESH:D051437
962.0	MESH:D006417
5280934.0	MESH:D007249
5280934.0	MESH:D008569
5280934.0	MESH:D009422
5280934.0	MESH:D062025
5280934.0	MESH:D003866
5280934.0	MESH:D064420
5280934.0	MESH:D056486
5280934.0	MESH:D001930
5280934.0	MESH:D009069
5280489.0	MESH:D018450
5280489.0	MESH:D005910
5280489.0	MESH:D013272
5280489.0	MESH:D009369
5280489.0	MESH:D006528
5280489.0	MESH:D053627
5280489.0	MESH:D002545
5280489.0	MESH:D020261
5280489.0	MESH:D013276
5280489.0	MESH:D003930
5280489.0	MESH:D000435
5280489.0	MESH:D006526
5280489.0	MESH:D001145
5280489.0	MESH:D008175
5280489.0	MESH:D056486
5280489.0	MESH:D008113
5280489.0	MESH:D009845
5280489.0	MESH:D000740
5280489.0	MESH:D007964
5280489.0	MESH:D015658
5280489.0	MESH:D008114
637542.0	MESH:D008545
637542.0	MESH:D066126
637542.0	MESH:D009765
6508.0	MESH:D013276
449093.0	MESH:D000647
247.0	MESH:D007249
247.0	MESH:D008569
247.0	MESH:D020257
247.0	MESH:D006712
247.0	MESH:D013610
247.0	MESH:D008106
247.0	MESH:D008661
247.0	MESH:D056486
247.0	MESH:D009203
247.0	MESH:D017202
247.0	MESH:D009436
247.0	MESH:D008113
247.0	MESH:D003711
247.0	MESH:D005235
9064.0	MESH:D007333
9064.0	MESH:D019636
9064.0	MESH:D050197
9064.0	MESH:D008325
9064.0	MESH:D003556
9064.0	MESH:D015430
9064.0	MESH:D001943
9064.0	MESH:D056486
9064.0	MESH:D034381
9064.0	MESH:D009410
9064.0	MESH:D020138
9064.0	MESH:D009203
9064.0	MESH:D017114
9064.0	MESH:D008113
9064.0	MESH:D008107
9064.0	MESH:D002471
9064.0	MESH:D006331
9064.0	MESH:D009362
9064.0	MESH:D015658
1794427.0	MESH:D052456
1794427.0	MESH:D004108
1794427.0	MESH:D006937
1794427.0	MESH:D008545
1794427.0	MESH:D009336
1794427.0	MESH:D056486
1794427.0	MESH:D000647
1794427.0	MESH:D015228
1794427.0	MESH:D006951
1794427.0	MESH:D015431
305.0	MESH:D007249
305.0	MESH:D007859
305.0	MESH:D005234
305.0	MESH:D008569
305.0	MESH:D009845
305.0	MESH:D013733
305.0	MESH:D006528
305.0	MESH:D000647
305.0	MESH:D065626
305.0	MESH:D005235
305.0	MESH:D003072
305.0	MESH:D016137
68247.0	MESH:D012164
68247.0	MESH:D002471
5793.0	MESH:D013217
5793.0	MESH:D006948
5793.0	MESH:D006501
5793.0	MESH:D007680
5793.0	MESH:D008569
5793.0	MESH:D012878
5793.0	MESH:D008545
5793.0	MESH:D014652
5793.0	MESH:D007003
5793.0	MESH:D007022
5793.0	MESH:D010146
5793.0	MESH:D006947
5793.0	MESH:D000647
5793.0	MESH:D003921
5793.0	MESH:D015576
5793.0	MESH:D015228
5793.0	MESH:D007676
5793.0	MESH:D017118
5793.0	MESH:D003128
5793.0	MESH:D000307
68245.0	MESH:D012164
68245.0	MESH:D050197
68245.0	MESH:D009336
68245.0	MESH:D008103
68245.0	MESH:D006529
72276.0	MESH:D007333
72276.0	MESH:D019636
72276.0	MESH:D050197
72276.0	MESH:D008325
72276.0	MESH:D003556
72276.0	MESH:D015430
72276.0	MESH:D001943
72276.0	MESH:D056486
72276.0	MESH:D034381
72276.0	MESH:D009410
72276.0	MESH:D020138
72276.0	MESH:D009203
72276.0	MESH:D017114
72276.0	MESH:D008113
72276.0	MESH:D008107
72276.0	MESH:D002471
72276.0	MESH:D006331
72276.0	MESH:D009362
72276.0	MESH:D015658
65064.0	MESH:D001008
65064.0	MESH:D006973
65064.0	MESH:D011041
65064.0	MESH:D009336
65064.0	MESH:D011230
65064.0	MESH:D011658
65064.0	MESH:D008106
65064.0	MESH:D001943
65064.0	MESH:D009410
65064.0	MESH:D009361
65064.0	MESH:D011472
65064.0	MESH:D006528
65064.0	MESH:D009134
65064.0	MESH:D050197
65064.0	MESH:D007674
65064.0	MESH:D055371
65064.0	MESH:D006561
65064.0	MESH:D005393
65064.0	MESH:D015431
65064.0	MESH:D006331
65064.0	MESH:D015179
65064.0	MESH:D000236
65064.0	MESH:D006948
65064.0	MESH:D008175
65064.0	MESH:D056486
65064.0	MESH:D019970
65064.0	MESH:D003924
65064.0	MESH:D008103
65064.0	MESH:D002294
65064.0	MESH:D008113
65064.0	MESH:D003110
65064.0	MESH:D010190
65064.0	MESH:D056627
65064.0	MESH:D007249
65064.0	MESH:D006461
65064.0	MESH:D012878
65064.0	MESH:D066126
65064.0	MESH:D058186
65064.0	MESH:D013375
65064.0	MESH:D006470
65064.0	MESH:D008545
65064.0	MESH:D001249
65064.0	MESH:D011471
65064.0	MESH:D001327
65064.0	MESH:D009203
65064.0	MESH:D014062
65064.0	MESH:D002312
65064.0	MESH:D004487
807.0	MESH:D007249
807.0	MESH:D008944
807.0	MESH:D008325
807.0	MESH:D006042
807.0	MESH:D013971
807.0	MESH:D018487
807.0	MESH:D006980
5280804.0	MESH:D002471
6433159.0	MESH:D007939
6433159.0	MESH:D009845
6433159.0	MESH:D009336
6433159.0	MESH:D056486
6433159.0	MESH:D011085
6433159.0	MESH:D015431
6433159.0	MESH:D014605
5280483.0	MESH:D006406
5280483.0	MESH:D002543
5280483.0	MESH:D020300
122738.0	MESH:D011469
122738.0	MESH:D006943
122738.0	MESH:D015431
5280805.0	MESH:D006332
5280805.0	MESH:D005234
5280805.0	MESH:D007333
5280805.0	MESH:D009336
5280805.0	MESH:D002286
5280805.0	MESH:D028361
5280805.0	MESH:D009101
5280805.0	MESH:D004409
5280805.0	MESH:D001424
5280805.0	MESH:D007674
5280805.0	MESH:D055371
5280805.0	MESH:D006930
5280805.0	MESH:D050171
5280805.0	MESH:D013276
5280805.0	MESH:D006946
5280805.0	MESH:D015212
5280805.0	MESH:D033461
5280805.0	MESH:D005199
5280805.0	MESH:D056486
5280805.0	MESH:D007938
5280805.0	MESH:D015430
5280805.0	MESH:D010243
5280805.0	MESH:D006461
5280805.0	MESH:D008545
5280805.0	MESH:D000380
5280805.0	MESH:D003092
5280805.0	MESH:D018487
5280805.0	MESH:D011654
5280805.0	MESH:D006529
5280459.0	MESH:D010146
1110.0	MESH:D062787
1110.0	MESH:D003128
1110.0	MESH:D007035
5988.0	MESH:D019969
5988.0	MESH:D006461
1130.0	MESH:D000138
1130.0	MESH:D009202
1130.0	MESH:D015362
1130.0	MESH:D006501
1130.0	MESH:D000430
1130.0	MESH:D002386
1130.0	MESH:D002971
1130.0	MESH:D010146
1130.0	MESH:D006333
1130.0	MESH:D017240
1130.0	MESH:D001927
1130.0	MESH:D001714
1130.0	MESH:D007855
1130.0	MESH:D002524
1130.0	MESH:D002972
1130.0	MESH:D014899
14985.0	MESH:D018376
14985.0	MESH:D000230
14985.0	MESH:D005317
14985.0	MESH:D011085
14985.0	MESH:D006528
14985.0	MESH:D009069
14985.0	MESH:D009886
14985.0	MESH:D011507
14985.0	MESH:D006330
14985.0	MESH:D015179
14985.0	MESH:D001161
14985.0	MESH:C531617
14985.0	MESH:D007669
14985.0	MESH:C535393
14985.0	MESH:D008548
14985.0	MESH:D000787
14985.0	MESH:D009845
14985.0	MESH:D006130
14985.0	MESH:D009133
14985.0	MESH:D005921
14985.0	MESH:D015658
14985.0	MESH:D004938
14985.0	MESH:D005234
14985.0	MESH:D006548
14985.0	MESH:D011658
14985.0	MESH:D005141
14985.0	MESH:D000152
14985.0	MESH:D020261
14985.0	MESH:D050171
14985.0	MESH:D007246
14985.0	MESH:D006333
14985.0	MESH:D020258
14985.0	MESH:D000860
14985.0	MESH:D008844
14985.0	MESH:D008108
14985.0	MESH:D002252
14985.0	MESH:D051437
14985.0	MESH:D007251
14985.0	MESH:D018908
14985.0	MESH:D006332
14985.0	MESH:D007333
14985.0	MESH:D001943
14985.0	MESH:D009410
14985.0	MESH:D019465
14985.0	MESH:D000743
14985.0	MESH:D008171
14985.0	MESH:D009422
14985.0	MESH:D064420
14985.0	MESH:D013276
14985.0	MESH:D006331
14985.0	MESH:D011115
14985.0	MESH:D012021
14985.0	MESH:D007680
14985.0	MESH:D004915
14985.0	MESH:D009135
14985.0	MESH:D007249
14985.0	MESH:D012871
14985.0	MESH:D011471
14985.0	MESH:D010523
14985.0	MESH:D009203
14985.0	MESH:D008107
14985.0	MESH:D020520
14985.0	MESH:D007037
14985.0	MESH:D000013
14985.0	MESH:D006973
14985.0	MESH:D009336
14985.0	MESH:D008106
14985.0	MESH:D007248
14985.0	OMIM:146850
14985.0	MESH:D005923
14985.0	MESH:D006980
14985.0	MESH:D053627
14985.0	MESH:D014811
14985.0	MESH:D050197
14985.0	MESH:D019584
14985.0	MESH:D007674
14985.0	MESH:D002545
14985.0	MESH:D012178
14985.0	MESH:D009436
14985.0	MESH:D009120
14985.0	MESH:D002471
14985.0	MESH:D015431
14985.0	MESH:D003877
14985.0	MESH:D003930
14985.0	MESH:D009205
14985.0	MESH:D008175
14985.0	MESH:D020521
14985.0	MESH:D001259
14985.0	MESH:D056486
14985.0	MESH:D006261
14985.0	MESH:D001927
14985.0	MESH:D016491
14985.0	MESH:D006461
14985.0	MESH:D000740
14985.0	MESH:D003928
14985.0	MESH:D058186
14985.0	MESH:D019636
14985.0	MESH:D003921
222284.0	MESH:D015228
222284.0	MESH:D006937
222284.0	MESH:D056486
14986.0	MESH:D014811
14986.0	MESH:D003327
14986.0	MESH:D006345
14986.0	MESH:D008654
14986.0	MESH:D008325
14986.0	MESH:D009336
14986.0	MESH:D007172
14986.0	MESH:D002545
14986.0	MESH:D011471
171548.0	MESH:D006943
171548.0	MESH:D007333
171548.0	MESH:C537658
28179.0	MESH:D002114
28179.0	MESH:D006461
62434.0	MESH:D056486
19.0	MESH:D034381
19.0	MESH:D007674
19.0	MESH:D015837
19.0	MESH:D058186
243.0	MESH:D022124
243.0	MESH:D020165
681.0	MESH:D012127
681.0	MESH:D062787
681.0	MESH:D016171
681.0	MESH:D004409
681.0	MESH:D012640
681.0	MESH:D007024
681.0	MESH:D012772
681.0	MESH:D002375
681.0	MESH:D014202
681.0	MESH:D009846
681.0	MESH:D006331
681.0	MESH:D010547
681.0	MESH:D006323
681.0	MESH:D002303
681.0	MESH:D019970
681.0	MESH:D006333
681.0	MESH:D012770
681.0	MESH:D058186
681.0	MESH:D018476
681.0	MESH:D012769
681.0	MESH:D007022
681.0	MESH:D018487
681.0	MESH:D004417
370.0	MESH:D006943
370.0	MESH:D005234
370.0	MESH:D018149
370.0	MESH:D010182
370.0	MESH:D009361
370.0	MESH:D003920
370.0	MESH:D009069
370.0	MESH:D006937
370.0	MESH:D050171
370.0	MESH:D006949
370.0	MESH:D015228
370.0	MESH:D013276
370.0	MESH:D006331
370.0	MESH:D005355
370.0	MESH:D012516
370.0	MESH:D015427
370.0	MESH:D009362
370.0	MESH:D015464
370.0	MESH:D058186
370.0	MESH:D008546
370.0	MESH:D007511
370.0	MESH:D009203
370.0	MESH:D003921
774.0	MESH:D008569
774.0	MESH:D001145
774.0	MESH:D006967
774.0	MESH:D008545
774.0	MESH:D010146
774.0	MESH:D012640
774.0	MESH:D011833
774.0	MESH:D007410
6047.0	MESH:D012148
6047.0	MESH:C538421
6047.0	MESH:D020149
6047.0	MESH:D013494
6047.0	MESH:D004421
6047.0	MESH:D012135
6047.0	MESH:D006527
6047.0	MESH:C538007
6047.0	MESH:D004409
6047.0	MESH:D009127
6047.0	MESH:D000550
6047.0	MESH:D009069
6047.0	MESH:D010264
6047.0	MESH:D012791
6047.0	MESH:D008569
6047.0	MESH:D020189
6047.0	MESH:D020186
6047.0	MESH:C537537
6047.0	MESH:D064420
6047.0	MESH:D002375
6047.0	MESH:D014202
6047.0	MESH:D014786
6047.0	MESH:D020820
6047.0	MESH:D010554
6047.0	MESH:D020233
6047.0	MESH:D009103
6047.0	MESH:D019970
6047.0	MESH:D006333
6047.0	MESH:D020258
6047.0	MESH:D009461
6047.0	MESH:D001927
6047.0	MESH:D003128
6047.0	MESH:D003072
6047.0	MESH:D000690
6047.0	MESH:D019578
6047.0	MESH:C537968
6047.0	MESH:D002389
6047.0	MESH:D003928
6047.0	MESH:D010300
6047.0	MESH:D018476
6047.0	MESH:D018458
6047.0	MESH:D010146
6047.0	MESH:D010302
6047.0	MESH:D020734
6047.0	MESH:D001930
6047.0	MESH:D007022
876.0	MESH:D007249
876.0	MESH:D006505
876.0	MESH:D007669
876.0	MESH:D011041
876.0	MESH:D020335
876.0	MESH:D008106
876.0	MESH:D008661
876.0	MESH:D056486
876.0	MESH:D019970
876.0	MESH:D005910
876.0	MESH:D034381
876.0	MESH:D012640
876.0	MESH:D016136
876.0	MESH:D013118
876.0	MESH:D065626
876.0	MESH:D015431
876.0	MESH:D003711
876.0	MESH:D005235
876.0	MESH:D005327
876.0	MESH:D006528
1123.0	MESH:D006943
1123.0	MESH:D009202
1123.0	MESH:D004195
1123.0	MESH:D006973
1123.0	MESH:D011658
1123.0	MESH:D009336
1123.0	MESH:D008106
1123.0	MESH:D048909
1123.0	MESH:D012640
1123.0	MESH:D005923
1123.0	MESH:D053627
1123.0	MESH:D007859
1123.0	MESH:D011507
1123.0	MESH:D005198
1123.0	MESH:D007674
1123.0	MESH:D055371
1123.0	MESH:D020261
1123.0	MESH:D058065
1123.0	MESH:D050171
1123.0	MESH:D017495
1123.0	MESH:D015431
1123.0	MESH:D004646
1123.0	MESH:D006331
1123.0	MESH:D003922
1123.0	MESH:D005355
1123.0	MESH:D001145
1123.0	MESH:D013733
1123.0	MESH:D056486
1123.0	MESH:D006984
1123.0	MESH:D000860
1123.0	MESH:D003072
1123.0	MESH:D001651
1123.0	MESH:D007249
1123.0	MESH:D019446
1123.0	MESH:D020388
1123.0	MESH:D009845
1123.0	MESH:D066126
1123.0	MESH:D003928
1123.0	MESH:D006470
1123.0	MESH:D009133
1123.0	MESH:D009203
1123.0	MESH:D003921
1123.0	MESH:D007022
1123.0	MESH:D018487
1123.0	MESH:D004487
1123.0	MESH:D018908
23964.0	MESH:D050197
23990.0	MESH:D001943
23990.0	MESH:D003110
23990.0	MESH:D002471
23990.0	MESH:D006528
23990.0	MESH:D008114
121922.0	MESH:D009369
121922.0	MESH:D017202
121922.0	MESH:D009389
7463.0	MESH:D059226
5991.0	MESH:D054059
5991.0	MESH:D004412
5991.0	MESH:D019964
5991.0	MESH:D007319
5991.0	MESH:D006628
5991.0	MESH:D004428
5991.0	MESH:D011230
5991.0	MESH:D019584
5991.0	MESH:D000152
5991.0	MESH:D014693
5991.0	MESH:D011471
5991.0	MESH:D001169
5991.0	MESH:D007247
5991.0	MESH:D016584
5991.0	MESH:D017202
5991.0	MESH:D011085
5991.0	MESH:D013927
5991.0	MESH:D007775
5991.0	MESH:D001161
5991.0	MESH:D004681
147004.0	MESH:D003110
147004.0	MESH:D006943
147004.0	MESH:D008325
2214.0	MESH:D004195
2214.0	MESH:D006973
2214.0	MESH:D009336
2214.0	MESH:D009410
2214.0	MESH:D009361
2214.0	MESH:D000419
2214.0	MESH:D001919
2214.0	MESH:D011014
2214.0	MESH:D002310
2214.0	MESH:D020520
2214.0	MESH:D013276
2214.0	MESH:D006331
2214.0	MESH:D061205
2214.0	MESH:D013733
2214.0	MESH:D000860
2214.0	MESH:D015430
2214.0	MESH:D020388
2214.0	MESH:D000740
2214.0	MESH:D003928
2214.0	MESH:D006470
2214.0	MESH:D007022
2214.0	MESH:D004487
2214.0	MESH:D018908
60961.0	MESH:D009202
60961.0	MESH:D006973
60961.0	MESH:D009336
60961.0	MESH:D013610
60961.0	MESH:D004830
60961.0	MESH:D009410
60961.0	MESH:D013272
60961.0	MESH:D012640
60961.0	MESH:D004827
60961.0	MESH:D009422
60961.0	MESH:D017180
60961.0	MESH:D013617
60961.0	MESH:D006930
60961.0	MESH:D017202
60961.0	MESH:D006977
60961.0	MESH:D001145
60961.0	MESH:D015427
60961.0	MESH:D006333
60961.0	MESH:D001249
60961.0	MESH:D010146
60961.0	MESH:D001282
65036.0	MESH:D005234
65036.0	MESH:D006470
65036.0	MESH:D056486
65036.0	MESH:D003092
65036.0	MESH:D015431
65036.0	MESH:D004487
65036.0	MESH:D014456
16315.0	MESH:D005909
16315.0	MESH:D020233
16315.0	MESH:D064726
16315.0	MESH:D001145
16315.0	MESH:D008325
16315.0	MESH:D008546
16315.0	MESH:C562729
16315.0	MESH:D055371
16315.0	MESH:D056486
16315.0	MESH:D001943
16315.0	MESH:D005317
16315.0	MESH:D009374
16315.0	MESH:D011471
16315.0	MESH:D009361
16315.0	MESH:D002471
16315.0	MESH:D009369
16315.0	MESH:D007794
16315.0	MESH:D009362
16315.0	MESH:D003586
5462311.0	MESH:C562393
525.0	MESH:D062787
896.0	MESH:D000230
896.0	MESH:D005317
896.0	MESH:D012640
896.0	MESH:D020795
896.0	MESH:D018281
896.0	MESH:D009069
896.0	MESH:D007859
896.0	MESH:D011507
896.0	MESH:D034381
896.0	MESH:D006930
896.0	MESH:D000236
896.0	MESH:D004719
896.0	MESH:D007319
896.0	MESH:D010538
896.0	MESH:D008103
896.0	MESH:D003110
896.0	MESH:D012771
896.0	MESH:D009362
896.0	MESH:D000690
896.0	MESH:D001930
896.0	MESH:D004487
896.0	MESH:D005234
896.0	MESH:D001008
896.0	MESH:D003556
896.0	MESH:D020301
896.0	MESH:D009369
896.0	MESH:D008569
896.0	MESH:D001289
896.0	MESH:D005767
896.0	MESH:D002375
896.0	MESH:D024821
896.0	MESH:D005355
896.0	MESH:D015175
896.0	MESH:D020258
896.0	MESH:D008881
896.0	MESH:D020179
896.0	MESH:D002252
896.0	MESH:D007970
896.0	MESH:D000647
896.0	MESH:D010302
896.0	MESH:D003092
896.0	MESH:D020734
896.0	MESH:D008114
896.0	MESH:D006332
896.0	MESH:D011230
896.0	MESH:D002286
896.0	MESH:D009410
896.0	MESH:D004409
896.0	MESH:D010024
896.0	MESH:D009422
896.0	MESH:D064420
896.0	MESH:D020138
896.0	MESH:D006949
896.0	MESH:D013276
896.0	MESH:D002318
896.0	MESH:D006331
896.0	MESH:D049188
896.0	MESH:D013733
896.0	MESH:D020426
896.0	MESH:D007249
896.0	MESH:D001929
896.0	MESH:D008325
896.0	MESH:D011471
896.0	MESH:D010523
896.0	MESH:D009203
896.0	MESH:D008107
896.0	MESH:D018805
896.0	MESH:D000544
896.0	MESH:D054220
896.0	MESH:D009202
896.0	MESH:D010195
896.0	MESH:D006973
896.0	MESH:D009336
896.0	MESH:D008106
896.0	MESH:D001745
896.0	MESH:D007232
896.0	MESH:D012772
896.0	MESH:D002386
896.0	MESH:D020244
896.0	MESH:D007674
896.0	MESH:D002545
896.0	MESH:D017202
896.0	MESH:D017118
896.0	MESH:D020178
896.0	MESH:D001321
896.0	MESH:D008175
896.0	MESH:D005313
896.0	MESH:D056486
896.0	MESH:D001927
896.0	MESH:D001018
896.0	MESH:D007154
896.0	MESH:D003072
896.0	MESH:D020262
896.0	MESH:D002779
896.0	MESH:D000740
896.0	MESH:D019636
896.0	MESH:D008180
896.0	MESH:D001237
896.0	MESH:D013971
896.0	MESH:D016574
896.0	MESH:D012893
5351166.0	MESH:D012509
5351166.0	MESH:D000230
5351166.0	MESH:D001943
5351166.0	MESH:D001005
5351166.0	MESH:D014625
5351166.0	MESH:D018328
5351166.0	MESH:D007890
5351166.0	MESH:D012208
5351166.0	MESH:D005909
5351166.0	MESH:C535944
5351166.0	MESH:D009447
5351166.0	MESH:D006689
5351166.0	MESH:D015179
5351166.0	MESH:D002276
5351166.0	MESH:D018222
5351166.0	MESH:D013964
5351166.0	MESH:D003557
5351166.0	MESH:D002292
5351166.0	MESH:D010190
5351166.0	MESH:D009362
5351166.0	MESH:D012878
5351166.0	MESH:D008545
5351166.0	MESH:D011471
10494.0	MESH:D007249
10494.0	MESH:D005234
10494.0	MESH:D012878
10494.0	MESH:D007333
10494.0	MESH:D009765
10494.0	MESH:D011230
10494.0	MESH:D002252
10494.0	MESH:D007674
10494.0	MESH:D008106
10494.0	MESH:D018149
10494.0	MESH:D056486
10494.0	MESH:D008103
10494.0	MESH:D050171
10494.0	MESH:D006949
10494.0	MESH:D015228
10494.0	MESH:D017202
10494.0	MESH:D008107
10494.0	MESH:D009361
10494.0	MESH:D010212
10494.0	MESH:D009369
445639.0	MESH:D001943
37720.0	MESH:D020521
37720.0	MESH:D003556
37720.0	MESH:D013921
37720.0	MESH:D006083
37720.0	MESH:D006417
37720.0	MESH:D014456
5994.0	MESH:D000230
5994.0	MESH:D006973
5994.0	MESH:D010051
5994.0	MESH:D007752
5994.0	MESH:D001943
5994.0	MESH:D008413
5994.0	MESH:D006059
5994.0	MESH:D028361
5994.0	MESH:D004409
5994.0	MESH:D020964
5994.0	MESH:D009410
5994.0	MESH:D012640
5994.0	MESH:D001930
5994.0	MESH:D004681
5994.0	MESH:D004715
5994.0	MESH:D009422
5994.0	MESH:D019584
5994.0	MESH:D020244
5994.0	MESH:D001523
5994.0	MESH:D012468
5994.0	MESH:D002375
5994.0	MESH:D003929
5994.0	MESH:D020201
5994.0	MESH:D006968
5994.0	MESH:D001145
5994.0	MESH:D020521
5994.0	MESH:D047928
5994.0	MESH:D019970
5994.0	MESH:D020258
5994.0	MESH:D005348
5994.0	MESH:D016472
5994.0	MESH:D016889
5994.0	MESH:D007018
5994.0	MESH:D002493
5994.0	MESH:D007249
5994.0	MESH:D013119
5994.0	MESH:D013226
5994.0	MESH:D008325
5994.0	MESH:D010146
5994.0	MESH:D054179
5994.0	MESH:D007247
5994.0	MESH:D010523
5994.0	MESH:D003711
5994.0	MESH:D059373
1060.0	MESH:D009336
1060.0	MESH:D028361
98280.0	MESH:D006470
98280.0	MESH:D011658
98280.0	MESH:D003556
98280.0	MESH:D011471
98280.0	MESH:D001745
98280.0	MESH:D009203
98280.0	MESH:D003921
98280.0	MESH:D006331
98280.0	MESH:D004487
114835.0	MESH:D003110
114835.0	MESH:D006943
114835.0	MESH:D008325
73170.0	MESH:D006930
73170.0	MESH:D010146
73170.0	MESH:D007249
73170.0	MESH:D005157
637775.0	MESH:D056486
637775.0	MESH:D000647
637775.0	MESH:D001930
637775.0	MESH:D000860
637775.0	MESH:D004487
5282102.0	MESH:D003876
5281654.0	MESH:D007249
5281654.0	MESH:D008103
5281654.0	MESH:D056486
11617.0	MESH:D012878
11617.0	MESH:D011658
11617.0	MESH:D055371
11617.0	MESH:D056486
11617.0	MESH:D001943
11617.0	MESH:D009361
11617.0	MESH:D008113
11617.0	MESH:D009404
11617.0	MESH:D005235
11617.0	MESH:D006525
11617.0	MESH:D011654
311.0	MESH:D011645
311.0	MESH:D004716
311.0	MESH:D002418
444972.0	MESH:D009103
444972.0	MESH:D002471
444972.0	MESH:D011565
5281628.0	MESH:D004487
5459010.0	MESH:D007249
5459010.0	MESH:D014947
5459010.0	MESH:D012878
5459010.0	MESH:D007938
5281168.0	MESH:D001008
439246.0	MESH:D006943
439246.0	MESH:D009202
439246.0	MESH:D001932
439246.0	MESH:D007683
439246.0	MESH:D009369
439246.0	MESH:D050197
439246.0	MESH:D009336
439246.0	MESH:D009765
439246.0	MESH:D007674
439246.0	MESH:D008106
439246.0	MESH:D056486
439246.0	MESH:D064420
439246.0	MESH:D007673
439246.0	MESH:D009374
439246.0	MESH:D000647
439246.0	MESH:D050171
439246.0	MESH:D009361
439246.0	MESH:D008107
439246.0	MESH:D015431
439246.0	MESH:D006946
264.0	MESH:D007859
264.0	MESH:D005234
264.0	MESH:D008569
264.0	MESH:D007333
264.0	MESH:D012878
264.0	MESH:D000230
264.0	MESH:D008175
264.0	MESH:D034381
264.0	MESH:D050171
264.0	MESH:D019957
107905.0	MESH:D006461
22311.0	MESH:D008569
22311.0	MESH:D013276
22311.0	MESH:D008114
338.0	MESH:D034381
338.0	MESH:D050197
338.0	MESH:D014860
338.0	MESH:D008569
119.0	MESH:D002389
119.0	MESH:D013226
119.0	MESH:D006973
119.0	MESH:D004827
119.0	MESH:D064420
119.0	MESH:D012640
119.0	MESH:D013276
119.0	MESH:D044882
119.0	MESH:D001919
180.0	MESH:D012640
180.0	MESH:D056486
6475145.0	MESH:D009369
6475145.0	MESH:D014777
6475145.0	MESH:D001424
6475145.0	MESH:D011471
702.0	MESH:D002311
702.0	MESH:D001247
702.0	MESH:D001008
702.0	MESH:D020329
702.0	MESH:D018754
702.0	MESH:D048909
702.0	MESH:D012640
702.0	MESH:D001919
702.0	MESH:D011507
702.0	MESH:D014811
702.0	MESH:D009422
702.0	MESH:D001281
702.0	MESH:D002056
702.0	MESH:D000138
702.0	MESH:D015427
702.0	MESH:D019970
702.0	MESH:D006335
702.0	MESH:D002543
702.0	MESH:D015430
702.0	MESH:D051474
702.0	MESH:D001929
702.0	MESH:D017119
702.0	MESH:D010146
702.0	MESH:D001342
702.0	MESH:D054079
702.0	MESH:D007022
6549.0	MESH:D009369
6549.0	MESH:D006937
6549.0	MESH:D007938
943.0	MESH:D003327
943.0	MESH:D006973
943.0	MESH:D006333
943.0	MESH:D009203
943.0	MESH:D017202
943.0	MESH:D000787
943.0	MESH:D003324
5202.0	MESH:D007859
5202.0	MESH:D008569
5202.0	MESH:D009410
5202.0	MESH:D002375
5202.0	MESH:D010146
5202.0	MESH:D012640
5202.0	MESH:D004487
5202.0	MESH:D001919
1183.0	MESH:D006937
1183.0	MESH:D005234
1183.0	MESH:D019457
1183.0	MESH:D009336
1183.0	MESH:D056486
1183.0	MESH:D015228
1183.0	MESH:D008113
1183.0	MESH:D006951
440917.0	MESH:D008569
440917.0	MESH:D013276
440917.0	MESH:D008114
439250.0	MESH:D008569
439250.0	MESH:D013276
439250.0	MESH:D008114
8815.0	MESH:D004487
6989.0	MESH:D004487
6989.0	MESH:D009336
6989.0	MESH:D001228
6989.0	MESH:D014456
323.0	MESH:D007674
323.0	MESH:D014689
323.0	MESH:D003924
323.0	MESH:D056486
61361.0	MESH:D020734
61361.0	MESH:D020521
61361.0	MESH:D009410
10364.0	MESH:D009336
10364.0	MESH:D010146
10364.0	MESH:D016470
10364.0	MESH:D006930
10364.0	MESH:D007960
31253.0	MESH:D004381
31253.0	MESH:D013276
5281416.0	MESH:D005234
5281416.0	MESH:D003093
5281416.0	MESH:D007674
5281416.0	MESH:D003967
5281416.0	MESH:D014693
5281416.0	MESH:D006529
637563.0	MESH:D007249
637563.0	MESH:D010243
637563.0	MESH:D005767
637563.0	MESH:D002286
637563.0	MESH:D013927
637563.0	MESH:D013276
637563.0	MESH:D009362
2355.0	MESH:D011565
6616.0	MESH:D059226
7439.0	MESH:D012640
3314.0	MESH:D002583
3314.0	MESH:D010149
3314.0	MESH:D001943
3314.0	MESH:D009410
3314.0	MESH:D012481
3314.0	MESH:D009361
3314.0	MESH:D009389
3314.0	MESH:D013035
3314.0	MESH:D064420
3314.0	MESH:D006930
3314.0	MESH:D009374
3314.0	MESH:D014581
3314.0	MESH:D013276
3314.0	MESH:D006331
3314.0	MESH:D013274
3314.0	MESH:D056486
3314.0	MESH:D011833
3314.0	MESH:D013203
3314.0	MESH:D008133
3314.0	MESH:D009362
3314.0	MESH:D007249
3314.0	MESH:D006461
3314.0	MESH:D012878
3314.0	MESH:D066126
3314.0	MESH:D008545
3314.0	MESH:D010300
3314.0	MESH:D010146
637566.0	MESH:D002389
637566.0	MESH:D019954
637566.0	MESH:D018476
637566.0	MESH:D012640
637566.0	MESH:D003110
637566.0	MESH:D009369
5281643.0	MESH:D009336
5281643.0	MESH:D056486
10212.0	MESH:D006973
4276.0	MESH:D009336
4276.0	MESH:D007674
10228.0	MESH:D006943
10228.0	MESH:C538231
10228.0	MESH:D009361
10228.0	MESH:D003920
638024.0	MESH:D005334
638024.0	MESH:D007333
638024.0	MESH:D006973
638024.0	MESH:D009336
638024.0	MESH:D007035
638024.0	MESH:D003866
638024.0	MESH:D056486
638024.0	MESH:D015431
638024.0	MESH:D009369
638024.0	MESH:D015430
638024.0	MESH:D006529
12004528.0	MESH:D018149
5281792.0	MESH:D007249
5281792.0	MESH:D048550
5281792.0	MESH:D008105
5281792.0	MESH:D009336
5281792.0	MESH:D055370
5281792.0	MESH:D008107
5281792.0	MESH:D015428
5281792.0	MESH:D001651
5280460.0	MESH:D008106
5280460.0	MESH:D006529
1140.0	MESH:D000740
1140.0	MESH:D007970
1140.0	MESH:D003643
1140.0	MESH:D007035
1140.0	MESH:D013733
1140.0	MESH:D012640
1140.0	MESH:D008231
5281426.0	MESH:D006332
5281426.0	MESH:D006943
5281426.0	MESH:D017379
5281426.0	MESH:D018149
5281426.0	MESH:D015228
5281515.0	MESH:D006943
5281515.0	MESH:D005234
5281515.0	MESH:D002869
5281515.0	MESH:D008103
5281515.0	MESH:D015430
5877292.0	MESH:D008569
457801.0	MESH:D015228
457801.0	MESH:D006937
457801.0	MESH:D056486
16754.0	MESH:D002375
16754.0	MESH:D003371
9017.0	MESH:D010146
10582.0	MESH:D004487
10582.0	MESH:D010146
460.0	MESH:D010146
642376.0	MESH:D005909
637511.0	MESH:D006943
637511.0	MESH:D011655
637511.0	MESH:D012478
637511.0	MESH:D008545
637511.0	MESH:D007674
637511.0	MESH:D003924
637511.0	MESH:D012481
637511.0	MESH:D006984
637511.0	MESH:D003921
637511.0	MESH:D003384
637511.0	MESH:D013927
637511.0	MESH:D014735
637511.0	MESH:D003110
637511.0	MESH:D006528
10658.0	MESH:D000647
2345.0	MESH:D012532
7794.0	MESH:D002177
7794.0	MESH:D012640
7794.0	MESH:D004487
7794.0	MESH:D005157
6251.0	MESH:D011655
6251.0	MESH:D002546
6251.0	MESH:D009336
6251.0	MESH:D005910
6251.0	MESH:D054038
6251.0	MESH:D006259
6251.0	MESH:D006505
6251.0	MESH:D019586
6251.0	MESH:D009422
6251.0	MESH:D007674
6251.0	MESH:D002545
6251.0	MESH:D055371
6251.0	MESH:D064420
6251.0	MESH:D034381
6251.0	MESH:D008579
6251.0	MESH:D011654
6251.0	MESH:D017202
6251.0	MESH:D005901
6251.0	MESH:D015427
6251.0	MESH:D020521
6251.0	MESH:D007177
6251.0	MESH:D002543
6251.0	MESH:D007010
6251.0	MESH:D015812
6251.0	MESH:D058186
6251.0	MESH:D001929
6251.0	MESH:D012769
6251.0	MESH:D004487
712.0	MESH:D011671
712.0	MESH:D014860
712.0	MESH:D006470
712.0	MESH:D003556
712.0	MESH:D016770
712.0	MESH:D055371
712.0	MESH:D001745
712.0	MESH:D005393
712.0	MESH:D010518
712.0	MESH:D006417
1549026.0	MESH:D059226
6021.0	MESH:D009202
6021.0	MESH:D007970
6329.0	MESH:D010243
61130.0	MESH:D006943
61130.0	MESH:D009336
1549025.0	MESH:D059226
89594.0	MESH:D005334
89594.0	MESH:D001008
89594.0	MESH:D006973
89594.0	MESH:D020323
89594.0	MESH:D005879
89594.0	MESH:D001943
89594.0	MESH:D001308
89594.0	MESH:D004409
89594.0	MESH:D012640
89594.0	MESH:D003384
89594.0	MESH:D009069
89594.0	MESH:D008569
89594.0	MESH:D001289
89594.0	MESH:D003093
89594.0	MESH:D009422
89594.0	MESH:D003693
89594.0	MESH:D003866
89594.0	MESH:D002375
89594.0	MESH:D000405
89594.0	MESH:D003865
89594.0	MESH:D009205
89594.0	OMIM:188890
89594.0	MESH:D013117
89594.0	MESH:D003072
89594.0	MESH:D015430
89594.0	MESH:D007249
89594.0	MESH:D019446
89594.0	MESH:D014029
89594.0	MESH:D019636
89594.0	MESH:D059226
89594.0	MESH:D013375
89594.0	MESH:D010146
89594.0	MESH:D019969
89594.0	MESH:D011605
89594.0	MESH:D000647
89594.0	MESH:D013927
89594.0	MESH:D010302
89594.0	MESH:D003092
89594.0	MESH:D001930
89594.0	MESH:D020267
89594.0	MESH:D000544
5353620.0	MESH:D006943
5353620.0	MESH:D002545
5353620.0	MESH:D015427
6199.0	MESH:D011565
6199.0	MESH:D000647
6199.0	MESH:D015430
5280531.0	MESH:D008654
5280531.0	MESH:D006258
5280531.0	MESH:D014985
5280531.0	MESH:D010033
5280531.0	MESH:D015473
5280531.0	MESH:D002294
458.0	MESH:D006937
458.0	MESH:D050197
458.0	MESH:D056486
458.0	MESH:D006949
458.0	MESH:D009404
8417.0	MESH:D017114
8742.0	MESH:D000505
699414.0	MESH:D003110
699414.0	MESH:D007859
699414.0	MESH:D058739
699414.0	MESH:D000647
445154.0	MESH:C564616
445154.0	MESH:D006965
445154.0	MESH:D012600
445154.0	MESH:D000230
445154.0	MESH:D005512
445154.0	MESH:D015452
445154.0	MESH:D051436
445154.0	MESH:D005317
445154.0	MESH:D018149
445154.0	MESH:C536914
445154.0	MESH:D012640
445154.0	MESH:D034321
445154.0	MESH:D015663
445154.0	MESH:D011085
445154.0	MESH:D019282
445154.0	MESH:D006816
445154.0	MESH:D006528
445154.0	MESH:D001919
445154.0	MESH:D009069
445154.0	MESH:D011507
445154.0	MESH:D006937
445154.0	MESH:D006505
445154.0	MESH:D009765
445154.0	MESH:D015266
445154.0	MESH:D034381
445154.0	MESH:D006930
445154.0	MESH:D009374
445154.0	MESH:D015228
445154.0	MESH:D005393
445154.0	MESH:D065626
445154.0	MESH:D006946
445154.0	MESH:D015179
445154.0	MESH:D000236
445154.0	MESH:D004719
445154.0	MESH:D009293
445154.0	MESH:D012164
445154.0	MESH:D006967
445154.0	MESH:D007669
445154.0	MESH:D010538
445154.0	MESH:D003643
445154.0	MESH:D014855
445154.0	MESH:D008103
445154.0	MESH:D021081
445154.0	MESH:D014277
445154.0	MESH:D008113
445154.0	MESH:D003110
445154.0	MESH:D012771
445154.0	MESH:D020345
445154.0	MESH:D006317
445154.0	MESH:D000690
445154.0	MESH:D009362
445154.0	MESH:D016301
445154.0	MESH:D019446
445154.0	MESH:D007010
445154.0	MESH:D015861
445154.0	MESH:D009845
445154.0	MESH:D055959
445154.0	MESH:D058426
445154.0	MESH:D008546
445154.0	MESH:D017086
445154.0	MESH:D009133
445154.0	MESH:D007511
445154.0	MESH:D015433
445154.0	MESH:D008206
445154.0	MESH:D011371
445154.0	MESH:D001930
445154.0	MESH:D004487
445154.0	MESH:D015658
445154.0	MESH:D004938
445154.0	MESH:D012751
445154.0	MESH:D012554
445154.0	MESH:D058739
445154.0	MESH:D004195
445154.0	MESH:D005234
445154.0	MESH:D019966
445154.0	MESH:D002546
445154.0	MESH:D011658
445154.0	MESH:D010051
445154.0	MESH:D001862
445154.0	MESH:D015473
445154.0	MESH:D020301
445154.0	MESH:D005910
445154.0	MESH:D009101
445154.0	MESH:D003920
445154.0	MESH:D009369
445154.0	MESH:D009389
445154.0	MESH:D008569
445154.0	MESH:D002544
445154.0	MESH:D020261
445154.0	MESH:D002375
445154.0	MESH:D058065
445154.0	MESH:D050171
445154.0	MESH:D024821
445154.0	MESH:D006976
445154.0	MESH:C562839
445154.0	MESH:D033461
445154.0	MESH:D005355
445154.0	MESH:D008268
445154.0	MESH:D018827
445154.0	MESH:D015175
445154.0	MESH:D005922
445154.0	MESH:D006258
445154.0	MESH:D008659
445154.0	MESH:D002277
445154.0	MESH:D006333
445154.0	MESH:D020258
445154.0	MESH:D013163
445154.0	MESH:D002294
445154.0	MESH:D003925
445154.0	MESH:C535575
445154.0	MESH:D000860
445154.0	MESH:D005235
445154.0	MESH:D015464
445154.0	MESH:D015428
445154.0	MESH:D015430
445154.0	MESH:D020370
445154.0	MESH:D008108
445154.0	MESH:D012878
445154.0	MESH:D008545
445154.0	MESH:D001249
445154.0	MESH:C536572
445154.0	MESH:C563161
445154.0	MESH:D029424
445154.0	MESH:D014594
445154.0	MESH:D010302
445154.0	MESH:D003092
445154.0	MESH:D007905
445154.0	MESH:D020734
445154.0	MESH:D007251
445154.0	MESH:D007627
445154.0	MESH:D006332
445154.0	MESH:D020031
445154.0	MESH:D007948
445154.0	MESH:D008114
445154.0	MESH:D018908
445154.0	MESH:D007333
445154.0	MESH:D011230
445154.0	MESH:D016769
445154.0	MESH:D018754
445154.0	MESH:D002286
445154.0	MESH:D001943
445154.0	MESH:D028361
445154.0	MESH:D005621
445154.0	MESH:D009410
445154.0	MESH:D010024
445154.0	MESH:D000419
445154.0	MESH:D015458
445154.0	MESH:D004681
445154.0	MESH:D009134
445154.0	MESH:D008171
445154.0	MESH:D000068079
445154.0	MESH:C538339
445154.0	MESH:D004715
445154.0	MESH:D054198
445154.0	MESH:D014652
445154.0	MESH:D055371
445154.0	MESH:C537948
445154.0	MESH:D064420
445154.0	MESH:D006949
445154.0	MESH:D007945
445154.0	MESH:D002318
445154.0	MESH:D006331
445154.0	MESH:D003929
445154.0	MESH:D017380
445154.0	MESH:D054218
445154.0	MESH:D001172
445154.0	MESH:D015674
445154.0	MESH:D005199
445154.0	MESH:D018357
445154.0	MESH:D048550
445154.0	MESH:D010911
445154.0	MESH:D011225
445154.0	MESH:D013733
445154.0	MESH:D003924
445154.0	MESH:D002292
445154.0	MESH:D000303
445154.0	MESH:D004489
445154.0	MESH:D012140
445154.0	MESH:D012163
445154.0	MESH:D003324
445154.0	MESH:D007249
445154.0	MESH:D002357
445154.0	MESH:D066126
445154.0	MESH:D001929
445154.0	MESH:D008325
445154.0	MESH:D006406
445154.0	MESH:D011471
445154.0	MESH:D009203
445154.0	MESH:D008107
445154.0	MESH:D020343
445154.0	MESH:C538231
445154.0	MESH:D020520
445154.0	MESH:D000544
445154.0	MESH:D018805
445154.0	MESH:D006529
445154.0	MESH:D002311
445154.0	MESH:D006943
445154.0	MESH:D009202
445154.0	MESH:D018450
445154.0	MESH:D002289
445154.0	MESH:D003327
445154.0	MESH:D010195
445154.0	MESH:D006973
445154.0	MESH:D011125
445154.0	MESH:D009336
445154.0	MESH:D002583
445154.0	MESH:D012595
445154.0	MESH:D008106
445154.0	MESH:D014898
445154.0	MESH:D048909
445154.0	MESH:D000707
445154.0	MESH:D004769
445154.0	MESH:D003111
445154.0	MESH:D007248
445154.0	MESH:D009361
445154.0	MESH:D020212
445154.0	MESH:D006980
445154.0	MESH:D053627
445154.0	MESH:D005909
445154.0	MESH:D017379
445154.0	MESH:D015470
445154.0	MESH:D008258
445154.0	MESH:D050197
445154.0	MESH:D000853
445154.0	MESH:D003093
445154.0	MESH:D020244
445154.0	MESH:D007674
445154.0	MESH:D002545
445154.0	MESH:D003866
445154.0	MESH:D014947
445154.0	MESH:D006561
445154.0	MESH:D009436
445154.0	MESH:D019588
445154.0	MESH:D044584
445154.0	MESH:D002471
445154.0	MESH:D020078
445154.0	MESH:D008228
445154.0	MESH:D054144
445154.0	MESH:D015431
445154.0	MESH:D003922
445154.0	MESH:D003930
445154.0	MESH:D006526
445154.0	MESH:D009205
445154.0	MESH:D015427
445154.0	MESH:D013345
445154.0	MESH:D020521
445154.0	MESH:D018497
445154.0	MESH:D007172
445154.0	MESH:D056486
445154.0	MESH:D001169
445154.0	MESH:D016393
445154.0	MESH:D010003
445154.0	MESH:D006984
445154.0	MESH:D011297
445154.0	MESH:D013274
445154.0	MESH:D010190
445154.0	MESH:D007410
445154.0	MESH:D003072
445154.0	MESH:D008232
445154.0	MESH:D015459
445154.0	MESH:D020257
445154.0	MESH:D002779
445154.0	MESH:D020388
445154.0	MESH:D000740
445154.0	MESH:D003928
445154.0	MESH:D058186
445154.0	MESH:D019636
445154.0	MESH:D006470
445154.0	MESH:D000007
445154.0	MESH:D017544
445154.0	MESH:D004890
445154.0	MESH:D007035
445154.0	MESH:D020256
445154.0	MESH:D013724
445154.0	MESH:D005221
445154.0	MESH:D007247
445154.0	MESH:D003921
445154.0	MESH:D014062
445154.0	MESH:D002312
445154.0	MESH:D018487
445154.0	MESH:D011654
5281718.0	MESH:D006332
5281718.0	MESH:D033461
5281718.0	MESH:D004195
5281718.0	MESH:D007674
5281718.0	MESH:D004769
5281718.0	MESH:D000707
5281718.0	MESH:D006984
5281718.0	MESH:D004719
1548910.0	MESH:C564616
1548910.0	MESH:D006965
1548910.0	MESH:D012600
1548910.0	MESH:D000230
1548910.0	MESH:D005512
1548910.0	MESH:D015452
1548910.0	MESH:D051436
1548910.0	MESH:D005317
1548910.0	MESH:D018149
1548910.0	MESH:C536914
1548910.0	MESH:D012640
1548910.0	MESH:D034321
1548910.0	MESH:D015663
1548910.0	MESH:D011085
1548910.0	MESH:D019282
1548910.0	MESH:D006816
1548910.0	MESH:D006528
1548910.0	MESH:D001919
1548910.0	MESH:D009069
1548910.0	MESH:D011507
1548910.0	MESH:D006937
1548910.0	MESH:D006505
1548910.0	MESH:D009765
1548910.0	MESH:D015266
1548910.0	MESH:D034381
1548910.0	MESH:D006930
1548910.0	MESH:D009374
1548910.0	MESH:D015228
1548910.0	MESH:D005393
1548910.0	MESH:D065626
1548910.0	MESH:D006946
1548910.0	MESH:D015179
1548910.0	MESH:D000236
1548910.0	MESH:D004719
1548910.0	MESH:D009293
1548910.0	MESH:D012164
1548910.0	MESH:D006967
1548910.0	MESH:D007669
1548910.0	MESH:D010538
1548910.0	MESH:D003643
1548910.0	MESH:D014855
1548910.0	MESH:D008103
1548910.0	MESH:D021081
1548910.0	MESH:D014277
1548910.0	MESH:D008113
1548910.0	MESH:D003110
1548910.0	MESH:D012771
1548910.0	MESH:D020345
1548910.0	MESH:D006317
1548910.0	MESH:D000690
1548910.0	MESH:D009362
1548910.0	MESH:D016301
1548910.0	MESH:D019446
1548910.0	MESH:D007010
1548910.0	MESH:D015861
1548910.0	MESH:D009845
1548910.0	MESH:D055959
1548910.0	MESH:D058426
1548910.0	MESH:D008546
1548910.0	MESH:D017086
1548910.0	MESH:D009133
1548910.0	MESH:D007511
1548910.0	MESH:D015433
1548910.0	MESH:D008206
1548910.0	MESH:D011371
1548910.0	MESH:D001930
1548910.0	MESH:D004487
1548910.0	MESH:D015658
1548910.0	MESH:D004938
1548910.0	MESH:D012751
1548910.0	MESH:D012554
1548910.0	MESH:D058739
1548910.0	MESH:D004195
1548910.0	MESH:D005234
1548910.0	MESH:D019966
1548910.0	MESH:D002546
1548910.0	MESH:D011658
1548910.0	MESH:D010051
1548910.0	MESH:D001862
1548910.0	MESH:D015473
1548910.0	MESH:D020301
1548910.0	MESH:D005910
1548910.0	MESH:D009101
1548910.0	MESH:D003920
1548910.0	MESH:D009369
1548910.0	MESH:D009389
1548910.0	MESH:D008569
1548910.0	MESH:D002544
1548910.0	MESH:D020261
1548910.0	MESH:D002375
1548910.0	MESH:D058065
1548910.0	MESH:D050171
1548910.0	MESH:D024821
1548910.0	MESH:D006976
1548910.0	MESH:C562839
1548910.0	MESH:D033461
1548910.0	MESH:D005355
1548910.0	MESH:D008268
1548910.0	MESH:D018827
1548910.0	MESH:D015175
1548910.0	MESH:D005922
1548910.0	MESH:D006258
1548910.0	MESH:D008659
1548910.0	MESH:D002277
1548910.0	MESH:D006333
1548910.0	MESH:D020258
1548910.0	MESH:D013163
1548910.0	MESH:D002294
1548910.0	MESH:D003925
1548910.0	MESH:C535575
1548910.0	MESH:D000860
1548910.0	MESH:D005235
1548910.0	MESH:D015464
1548910.0	MESH:D015428
1548910.0	MESH:D015430
1548910.0	MESH:D020370
1548910.0	MESH:D008108
1548910.0	MESH:D012878
1548910.0	MESH:D008545
1548910.0	MESH:D001249
1548910.0	MESH:C536572
1548910.0	MESH:C563161
1548910.0	MESH:D029424
1548910.0	MESH:D014594
1548910.0	MESH:D010302
1548910.0	MESH:D003092
1548910.0	MESH:D007905
1548910.0	MESH:D020734
1548910.0	MESH:D007251
1548910.0	MESH:D007627
1548910.0	MESH:D006332
1548910.0	MESH:D020031
1548910.0	MESH:D007948
1548910.0	MESH:D008114
1548910.0	MESH:D018908
1548910.0	MESH:D007333
1548910.0	MESH:D011230
1548910.0	MESH:D016769
1548910.0	MESH:D018754
1548910.0	MESH:D002286
1548910.0	MESH:D001943
1548910.0	MESH:D028361
1548910.0	MESH:D005621
1548910.0	MESH:D009410
1548910.0	MESH:D010024
1548910.0	MESH:D000419
1548910.0	MESH:D015458
1548910.0	MESH:D004681
1548910.0	MESH:D009134
1548910.0	MESH:D008171
1548910.0	MESH:D000068079
1548910.0	MESH:C538339
1548910.0	MESH:D004715
1548910.0	MESH:D054198
1548910.0	MESH:D014652
1548910.0	MESH:D055371
1548910.0	MESH:C537948
1548910.0	MESH:D064420
1548910.0	MESH:D006949
1548910.0	MESH:D007945
1548910.0	MESH:D002318
1548910.0	MESH:D006331
1548910.0	MESH:D003929
1548910.0	MESH:D017380
1548910.0	MESH:D054218
1548910.0	MESH:D001172
1548910.0	MESH:D015674
1548910.0	MESH:D005199
1548910.0	MESH:D018357
1548910.0	MESH:D048550
1548910.0	MESH:D010911
1548910.0	MESH:D011225
1548910.0	MESH:D013733
1548910.0	MESH:D003924
1548910.0	MESH:D002292
1548910.0	MESH:D000303
1548910.0	MESH:D004489
1548910.0	MESH:D012140
1548910.0	MESH:D012163
1548910.0	MESH:D003324
1548910.0	MESH:D007249
1548910.0	MESH:D002357
1548910.0	MESH:D066126
1548910.0	MESH:D001929
1548910.0	MESH:D008325
1548910.0	MESH:D006406
1548910.0	MESH:D011471
1548910.0	MESH:D009203
1548910.0	MESH:D008107
1548910.0	MESH:D020343
1548910.0	MESH:C538231
1548910.0	MESH:D020520
1548910.0	MESH:D000544
1548910.0	MESH:D018805
1548910.0	MESH:D006529
1548910.0	MESH:D002311
1548910.0	MESH:D006943
1548910.0	MESH:D009202
1548910.0	MESH:D018450
1548910.0	MESH:D002289
1548910.0	MESH:D003327
1548910.0	MESH:D010195
1548910.0	MESH:D006973
1548910.0	MESH:D011125
1548910.0	MESH:D009336
1548910.0	MESH:D002583
1548910.0	MESH:D012595
1548910.0	MESH:D008106
1548910.0	MESH:D014898
1548910.0	MESH:D048909
1548910.0	MESH:D000707
1548910.0	MESH:D004769
1548910.0	MESH:D003111
1548910.0	MESH:D007248
1548910.0	MESH:D009361
1548910.0	MESH:D020212
1548910.0	MESH:D006980
1548910.0	MESH:D053627
1548910.0	MESH:D005909
1548910.0	MESH:D017379
1548910.0	MESH:D015470
1548910.0	MESH:D008258
1548910.0	MESH:D050197
1548910.0	MESH:D000853
1548910.0	MESH:D003093
1548910.0	MESH:D020244
1548910.0	MESH:D007674
1548910.0	MESH:D002545
1548910.0	MESH:D003866
1548910.0	MESH:D014947
1548910.0	MESH:D006561
1548910.0	MESH:D009436
1548910.0	MESH:D019588
1548910.0	MESH:D044584
1548910.0	MESH:D002471
1548910.0	MESH:D020078
1548910.0	MESH:D008228
1548910.0	MESH:D054144
1548910.0	MESH:D015431
1548910.0	MESH:D003922
1548910.0	MESH:D003930
1548910.0	MESH:D006526
1548910.0	MESH:D009205
1548910.0	MESH:D015427
1548910.0	MESH:D013345
1548910.0	MESH:D020521
1548910.0	MESH:D018497
1548910.0	MESH:D007172
1548910.0	MESH:D056486
1548910.0	MESH:D001169
1548910.0	MESH:D016393
1548910.0	MESH:D010003
1548910.0	MESH:D006984
1548910.0	MESH:D011297
1548910.0	MESH:D013274
1548910.0	MESH:D010190
1548910.0	MESH:D007410
1548910.0	MESH:D003072
1548910.0	MESH:D008232
1548910.0	MESH:D015459
1548910.0	MESH:D020257
1548910.0	MESH:D002779
1548910.0	MESH:D020388
1548910.0	MESH:D000740
1548910.0	MESH:D003928
1548910.0	MESH:D058186
1548910.0	MESH:D019636
1548910.0	MESH:D006470
1548910.0	MESH:D000007
1548910.0	MESH:D017544
1548910.0	MESH:D004890
1548910.0	MESH:D007035
1548910.0	MESH:D020256
1548910.0	MESH:D013724
1548910.0	MESH:D005221
1548910.0	MESH:D007247
1548910.0	MESH:D003921
1548910.0	MESH:D014062
1548910.0	MESH:D002312
1548910.0	MESH:D018487
1548910.0	MESH:D011654
5280373.0	MESH:D005909
5280373.0	MESH:D011471
5281708.0	MESH:D006965
5281708.0	MESH:D008569
5281708.0	MESH:D000230
5281708.0	MESH:D006973
5281708.0	MESH:D014693
5281708.0	MESH:D003924
5281708.0	MESH:D000647
5281708.0	MESH:D016889
5281708.0	MESH:D002318
5281708.0	MESH:D017254
5281708.0	MESH:D004487
446284.0	MESH:D012559
446284.0	MESH:D003327
446284.0	MESH:D001145
446284.0	MESH:D007333
446284.0	MESH:D006973
446284.0	MESH:D011125
446284.0	MESH:D010300
446284.0	MESH:D003866
446284.0	MESH:D018149
446284.0	MESH:D010146
446284.0	MESH:D013274
446284.0	MESH:D050171
446284.0	MESH:D015228
446284.0	MESH:D007414
446284.0	MESH:D013927
446284.0	MESH:D002318
446284.0	MESH:D002114
446284.0	MESH:D048629
5280961.0	MESH:D006943
5280961.0	MESH:D006965
5280961.0	MESH:D000013
5280961.0	MESH:D000230
5280961.0	MESH:D009336
5280961.0	MESH:D010051
5280961.0	MESH:D015473
5280961.0	MESH:D001943
5280961.0	MESH:D008106
5280961.0	MESH:D010024
5280961.0	MESH:D015663
5280961.0	MESH:D011472
5280961.0	MESH:D009369
5280961.0	MESH:D006528
5280961.0	MESH:D005909
5280961.0	MESH:D008569
5280961.0	MESH:D011470
5280961.0	MESH:D064420
5280961.0	MESH:D009374
5280961.0	MESH:D065626
5280961.0	MESH:D002318
5280961.0	MESH:D008104
5280961.0	MESH:D008175
5280961.0	MESH:D056486
5280961.0	MESH:D003924
5280961.0	MESH:D008103
5280961.0	MESH:D011297
5280961.0	MESH:D016889
5280961.0	MESH:D003110
5280961.0	MESH:D017254
5280961.0	MESH:D003072
5280961.0	MESH:D007938
5280961.0	MESH:D015428
5280961.0	MESH:D007249
5280961.0	MESH:D015430
5280961.0	MESH:D007889
5280961.0	MESH:D066126
5280961.0	MESH:D008325
5280961.0	MESH:D017093
5280961.0	MESH:D011471
5280961.0	MESH:D004714
5280961.0	MESH:D001237
5280961.0	MESH:D009203
5280961.0	MESH:D014594
5280961.0	MESH:C538231
5280961.0	MESH:D004487
5280961.0	MESH:D006529
124886.0	MESH:D009202
124886.0	MESH:D006973
124886.0	MESH:D010051
124886.0	MESH:D003556
124886.0	MESH:D013272
124886.0	MESH:D001745
124886.0	MESH:D004409
124886.0	MESH:D012640
124886.0	MESH:D011085
124886.0	MESH:D008630
124886.0	MESH:D009069
124886.0	MESH:D008708
124886.0	MESH:D009422
124886.0	MESH:D007674
124886.0	MESH:D064420
124886.0	MESH:D006331
124886.0	MESH:D006417
124886.0	MESH:D003877
124886.0	MESH:D056486
124886.0	MESH:D020258
124886.0	MESH:D003550
124886.0	MESH:D002294
124886.0	MESH:D008113
124886.0	MESH:D020262
124886.0	MESH:D006461
124886.0	MESH:D009008
124886.0	MESH:D006470
124886.0	MESH:D004487
736186.0	MESH:D000647
1102.0	MESH:D012640
1102.0	MESH:D006948
1103.0	MESH:D006331
1103.0	MESH:D012640
1103.0	MESH:D006948
689043.0	MESH:D007249
689043.0	MESH:D007859
689043.0	MESH:D008569
689043.0	MESH:D050197
689043.0	MESH:D008545
689043.0	MESH:D056486
689043.0	MESH:D009410
689043.0	MESH:D009203
689043.0	MESH:D001930
689043.0	MESH:D004487
65373.0	MESH:D004487
174174.0	MESH:D006943
174174.0	MESH:D010437
174174.0	MESH:D062787
174174.0	MESH:D001982
174174.0	MESH:D005334
174174.0	MESH:D006327
174174.0	MESH:D006973
174174.0	MESH:D009216
174174.0	MESH:D009336
174174.0	MESH:D011041
174174.0	MESH:D009207
174174.0	MESH:D013610
174174.0	MESH:D001943
174174.0	MESH:D009410
174174.0	MESH:D016171
174174.0	MESH:D012640
174174.0	MESH:D001919
174174.0	MESH:D006259
174174.0	MESH:D053201
174174.0	MESH:D020250
174174.0	MESH:D004827
174174.0	MESH:D005767
174174.0	MESH:D009422
174174.0	MESH:D014607
174174.0	MESH:D001146
174174.0	MESH:D002375
174174.0	MESH:D064420
174174.0	MESH:D014202
174174.0	MESH:D014786
174174.0	MESH:D020820
174174.0	MESH:D005207
174174.0	MESH:D001281
174174.0	MESH:D002561
174174.0	MESH:D003967
174174.0	MESH:D013276
174174.0	MESH:D002385
174174.0	MESH:D006323
174174.0	MESH:D009157
174174.0	MESH:D001145
174174.0	MESH:D015877
174174.0	MESH:D007172
174174.0	MESH:D019970
174174.0	MESH:D006261
174174.0	MESH:D020258
174174.0	MESH:D054537
174174.0	MESH:D009135
174174.0	MESH:D004831
174174.0	MESH:D006940
174174.0	MESH:D007410
174174.0	MESH:D001049
174174.0	MESH:D000787
174174.0	MESH:D007249
174174.0	MESH:D013575
174174.0	MESH:D010243
174174.0	MESH:D013226
174174.0	MESH:D062025
174174.0	MESH:D004381
174174.0	MESH:D054138
174174.0	MESH:D012120
174174.0	MESH:D000855
174174.0	MESH:D009140
174174.0	MESH:D007022
174174.0	MESH:D011654
174174.0	MESH:D018908
177072.0	MESH:D012640
259846.0	MESH:D009202
259846.0	MESH:D006937
259846.0	MESH:D012878
259846.0	MESH:D002869
259846.0	MESH:D002386
259846.0	MESH:D014947
259846.0	MESH:D009374
259846.0	MESH:D006528
73145.0	MESH:D006930
73145.0	MESH:D010146
73145.0	MESH:D007249
73145.0	MESH:D005157
16741.0	MESH:D003093
16741.0	MESH:D009369
16741.0	MESH:D013733
16741.0	MESH:D008113
5971.0	MESH:D008325
5971.0	MESH:D008545
5971.0	MESH:D008103
5971.0	MESH:D056486
5971.0	MESH:D015431
9548815.0	MESH:D007333
9548815.0	MESH:D006973
9548815.0	MESH:D009336
9548815.0	MESH:D018149
9548815.0	MESH:D013272
9548815.0	MESH:D000419
9548815.0	MESH:D053627
9548815.0	MESH:D017379
9548815.0	MESH:D005355
9548815.0	MESH:D048550
9548815.0	MESH:D015427
9548815.0	MESH:D013733
9548815.0	MESH:D007172
9548815.0	MESH:D056486
9548815.0	MESH:D003924
9548815.0	MESH:D005235
9548815.0	MESH:D002779
9548815.0	MESH:D009845
9548815.0	MESH:D000740
9548815.0	MESH:D011471
9548815.0	MESH:D003921
9548815.0	MESH:D008107
9548815.0	MESH:D001930
9548815.0	MESH:D004487
5488283.0	MESH:D004487
16666.0	MESH:D009422
16666.0	MESH:D013276
16666.0	MESH:D019957
16666.0	MESH:D009437
5367559.0	MESH:D006943
5367559.0	MESH:D011230
5367559.0	MESH:D006470
5367559.0	MESH:D003921
5367559.0	MESH:D013276
5367559.0	MESH:D004487
7127.0	MESH:D000707
7127.0	MESH:D006930
643820.0	MESH:D002389
643820.0	MESH:D019954
643820.0	MESH:D018476
643820.0	MESH:D012640
643820.0	MESH:D003110
643820.0	MESH:D009369
996.0	MESH:D014860
996.0	MESH:D001913
996.0	MESH:D006470
996.0	MESH:D003556
996.0	MESH:D001859
996.0	MESH:D055623
996.0	MESH:D010146
996.0	MESH:D013088
996.0	MESH:D010864
996.0	MESH:D014277
996.0	MESH:D006417
996.0	MESH:D006848
137.0	MESH:D014860
137.0	MESH:D012871
137.0	MESH:D001749
137.0	MESH:D055623
137.0	MESH:D056650
137.0	MESH:D000267
137.0	MESH:D011565
137.0	MESH:D009182
5462224.0	MESH:D006973
5462224.0	MESH:D016171
5462224.0	MESH:D013610
5462224.0	MESH:D003329
5462224.0	MESH:D020301
5462224.0	MESH:D012640
5462224.0	MESH:C537153
5462224.0	MESH:D002658
5462224.0	MESH:D007674
5462224.0	MESH:D017180
5462224.0	MESH:D013617
5462224.0	MESH:D064420
5462224.0	MESH:D006930
5462224.0	MESH:D005207
5462224.0	MESH:D013612
5462224.0	MESH:D001281
5462224.0	MESH:D002561
5462224.0	MESH:D002318
5462224.0	MESH:D001321
5462224.0	MESH:D001145
5462224.0	MESH:D008275
5462224.0	MESH:D008881
5462224.0	MESH:D008133
5462224.0	MESH:D058186
5462224.0	MESH:D013375
5462224.0	MESH:D006470
5462224.0	MESH:D010146
5462224.0	MESH:D014693
5351619.0	MESH:D007859
5351619.0	MESH:D008569
5281326.0	MESH:D048909
890.0	MESH:D007669
890.0	MESH:D008175
890.0	MESH:D048629
14942.0	MESH:D011041
5282349.0	MESH:D011832
5282349.0	MESH:D015428
182232.0	MESH:D007333
182232.0	MESH:D019636
182232.0	MESH:D050197
182232.0	MESH:D008325
182232.0	MESH:D003556
182232.0	MESH:D015430
182232.0	MESH:D001943
182232.0	MESH:D056486
182232.0	MESH:D034381
182232.0	MESH:D009410
182232.0	MESH:D020138
182232.0	MESH:D009203
182232.0	MESH:D017114
182232.0	MESH:D008113
182232.0	MESH:D008107
182232.0	MESH:D002471
182232.0	MESH:D006331
182232.0	MESH:D009362
182232.0	MESH:D015658
348154.0	MESH:D008545
68171.0	MESH:D001745
68171.0	MESH:D003928
446925.0	MESH:D007249
446925.0	MESH:D006943
446925.0	MESH:D053627
446925.0	MESH:D006965
446925.0	MESH:D009845
446925.0	MESH:D012878
446925.0	MESH:D009336
446925.0	MESH:D014178
446925.0	MESH:D007674
446925.0	MESH:D013733
446925.0	MESH:D011471
446925.0	MESH:D056486
446925.0	MESH:D020258
446925.0	MESH:D007248
446925.0	MESH:D000303
446925.0	MESH:D009369
446925.0	MESH:D015431
446925.0	MESH:D048629
443055.0	MESH:D011471
443055.0	MESH:D001943
802.0	MESH:D056486
3712.0	MESH:D007249
3712.0	MESH:D010048
3712.0	MESH:D006965
3712.0	MESH:D002583
3712.0	MESH:D015430
3712.0	MESH:D001943
3712.0	MESH:D011472
3712.0	MESH:D000858
444899.0	MESH:D013927
444899.0	MESH:D009436
444899.0	MESH:D019465
444899.0	MESH:D000014
5281707.0	MESH:D011471
5350.0	MESH:D054079
5350.0	MESH:D005355
5350.0	MESH:D019457
5350.0	MESH:D003928
5350.0	MESH:D058186
5350.0	MESH:D011125
5350.0	MESH:D009336
5350.0	MESH:D002583
5350.0	MESH:D007674
5350.0	MESH:D056486
5350.0	MESH:D001327
5350.0	MESH:D009369
5350.0	MESH:D015179
5350.0	MESH:D006528
5350.0	MESH:D011596
5350.0	MESH:D048629
6348.0	MESH:D001745
6348.0	MESH:D007674
1049.0	MESH:D048629
1001.0	MESH:D002375
7288.0	MESH:D012640
5282155.0	MESH:D007249
5282155.0	MESH:D006967
5282155.0	MESH:D009369
5282155.0	MESH:D003920
5281855.0	MESH:D006943
5281855.0	MESH:D011507
5281855.0	MESH:D006965
5281855.0	MESH:D012878
5281855.0	MESH:D019954
5281855.0	MESH:D000014
5281855.0	MESH:D015427
5281855.0	MESH:D013471
5281855.0	MESH:D001749
5281855.0	MESH:D007674
5281855.0	MESH:D013733
5281855.0	MESH:D009203
5281855.0	MESH:D007248
5281855.0	MESH:D002471
5281855.0	MESH:D005235
442670.0	MESH:D001943
263.0	MESH:D013276
6569.0	MESH:D012640
6569.0	MESH:D009410
7847.0	MESH:D008546
7847.0	MESH:D015179
11349.0	MESH:D009362
11349.0	MESH:D009361
66542.0	MESH:D013203
88881.0	MESH:D008114
88881.0	MESH:D011230
88881.0	MESH:D004938
2519.0	MESH:D005334
2519.0	MESH:D007333
2519.0	MESH:D001008
2519.0	MESH:D000230
2519.0	MESH:D006973
2519.0	MESH:D009336
2519.0	MESH:D012509
2519.0	MESH:D019966
2519.0	MESH:D008106
2519.0	MESH:D051299
2519.0	MESH:D007235
2519.0	MESH:D012640
2519.0	MESH:D012892
2519.0	MESH:D007859
2519.0	MESH:D008569
2519.0	MESH:D001289
2519.0	MESH:D002105
2519.0	MESH:D009765
2519.0	MESH:D003866
2519.0	MESH:D002375
2519.0	MESH:D006930
2519.0	MESH:D009374
2519.0	MESH:D017202
2519.0	MESH:D000236
2519.0	MESH:D012512
2519.0	MESH:D015674
2519.0	MESH:D019964
2519.0	MESH:D006948
2519.0	MESH:D008175
2519.0	MESH:D013274
2519.0	MESH:D019970
2519.0	MESH:D002294
2519.0	MESH:D008113
2519.0	MESH:D008881
2519.0	MESH:D006940
2519.0	MESH:D003072
2519.0	MESH:D001049
2519.0	MESH:D007249
2519.0	MESH:D020267
2519.0	MESH:D012878
2519.0	MESH:D001480
2519.0	MESH:D000014
2519.0	MESH:D008325
2519.0	MESH:D010300
2519.0	MESH:D010146
2519.0	MESH:D006029
2519.0	MESH:D017114
2519.0	MESH:D001930
2519.0	MESH:D007022
2519.0	MESH:D008114
73816495.0	MESH:D013276
13386145.0	MESH:D007249
13386145.0	MESH:D007859
13386145.0	MESH:D006948
13386145.0	MESH:D008569
13386145.0	MESH:D003928
13386145.0	MESH:D015427
13386145.0	MESH:D003704
13386145.0	MESH:D009203
13386145.0	MESH:D002318
13386145.0	MESH:D002177
8842.0	MESH:D056486
8842.0	MESH:D006930
8842.0	MESH:D012640
8842.0	MESH:D015431
8842.0	MESH:D004487
445070.0	MESH:D003108
445070.0	MESH:D011014
445070.0	MESH:D004487
445070.0	MESH:D055370
5280378.0	MESH:D002583
5280378.0	MESH:D058186
3841360.0	MESH:D009422
6441009.0	MESH:D019970
6441009.0	MESH:D006948
12855917.0	MESH:D011537
12855917.0	MESH:D003872
18526330.0	MESH:D006470
18526330.0	MESH:D008106
18526330.0	MESH:D047508
18526330.0	MESH:D009120
18526330.0	MESH:D006816
3662.0	MESH:D008569
3662.0	MESH:D010146
5281051.0	MESH:D005909
5281051.0	MESH:D010146
5862.0	MESH:D006461
5862.0	MESH:D007683
5862.0	MESH:D008546
5862.0	MESH:D008106
5862.0	MESH:D064420
5862.0	MESH:D020258
5862.0	MESH:D017114
5318999.0	MESH:D012772
5318999.0	MESH:D001749
5318214.0	MESH:D005910
5283280.0	MESH:D006528
999.0	MESH:D022124
999.0	MESH:D003128
999.0	MESH:D020165
999.0	MESH:D056806
5280784.0	MESH:D009369
5281804.0	MESH:D007249
5281804.0	MESH:D018805
14296.0	MESH:D007859
14296.0	MESH:D011507
14296.0	MESH:D015431
14296.0	MESH:D008569
14296.0	MESH:D007674
14296.0	MESH:D008103
14296.0	MESH:D007673
14296.0	MESH:D005921
14296.0	MESH:D003092
14296.0	MESH:D015878
14296.0	MESH:D005235
2153.0	MESH:D001986
2153.0	MESH:D009202
2153.0	MESH:D005119
2153.0	MESH:D001247
2153.0	MESH:D006327
2153.0	MESH:D006973
2153.0	MESH:D020329
2153.0	MESH:D019462
2153.0	MESH:D004935
2153.0	MESH:D051299
2153.0	MESH:D007235
2153.0	MESH:D012640
2153.0	MESH:D000857
2153.0	MESH:D001991
2153.0	MESH:D007232
2153.0	MESH:D015451
2153.0	MESH:D011014
2153.0	MESH:D029481
2153.0	MESH:D008173
2153.0	MESH:D016183
2153.0	MESH:D010409
2153.0	MESH:D000402
2153.0	MESH:D007674
2153.0	MESH:D013035
2153.0	MESH:D064420
2153.0	MESH:D002375
2153.0	MESH:D009374
2153.0	MESH:D017202
2153.0	MESH:D007945
2153.0	MESH:D009846
2153.0	MESH:D004646
2153.0	MESH:D006934
2153.0	MESH:D006323
2153.0	MESH:D015427
2153.0	MESH:D046628
2153.0	MESH:D017714
2153.0	MESH:D008175
2153.0	MESH:D013163
2153.0	MESH:D012133
2153.0	MESH:D006940
2153.0	MESH:D009362
2153.0	MESH:D001049
2153.0	MESH:D007249
2153.0	MESH:D002637
2153.0	MESH:D013119
2153.0	MESH:D058186
2153.0	MESH:D001249
2153.0	MESH:D012120
2153.0	MESH:D029424
2153.0	MESH:D012912
2153.0	MESH:D006519
2153.0	MESH:D007022
2153.0	MESH:D004417
5281701.0	MESH:D009361
1176.0	MESH:D010243
1176.0	MESH:D007177
7896.0	MESH:D001929
7896.0	MESH:D002546
7896.0	MESH:D011041
7896.0	MESH:D002545
7896.0	MESH:D056486
7896.0	MESH:D002534
7896.0	MESH:D009410
7896.0	MESH:D003921
7896.0	MESH:D004283
1548943.0	MESH:D006943
1548943.0	MESH:D005119
1548943.0	MESH:D005234
1548943.0	MESH:D001008
1548943.0	MESH:D006973
1548943.0	MESH:D008106
1548943.0	MESH:D001943
1548943.0	MESH:D018149
1548943.0	MESH:D009101
1548943.0	MESH:D001745
1548943.0	MESH:D053158
1548943.0	MESH:D009369
1548943.0	MESH:D001068
1548943.0	MESH:D009069
1548943.0	MESH:D005909
1548943.0	MESH:D006937
1548943.0	MESH:D053201
1548943.0	MESH:D005157
1548943.0	MESH:D009765
1548943.0	MESH:D050197
1548943.0	MESH:D003093
1548943.0	MESH:D012678
1548943.0	MESH:D002545
1548943.0	MESH:D006930
1548943.0	MESH:D009437
1548943.0	MESH:D013276
1548943.0	MESH:D012021
1548943.0	MESH:D006948
1548943.0	MESH:D015427
1548943.0	MESH:D008175
1548943.0	MESH:D008659
1548943.0	MESH:D010003
1548943.0	MESH:D001169
1548943.0	MESH:D011537
1548943.0	MESH:D008113
1548943.0	MESH:D000505
1548943.0	MESH:D010190
1548943.0	MESH:D006940
1548943.0	MESH:D014555
1548943.0	MESH:D015430
1548943.0	MESH:D007249
1548943.0	MESH:D058186
1548943.0	MESH:D000014
1548943.0	MESH:D017116
1548943.0	MESH:D004381
1548943.0	MESH:D051474
1548943.0	MESH:D011471
1548943.0	MESH:D010146
1548943.0	MESH:D010523
1548943.0	MESH:D003875
1548943.0	MESH:D008107
1548943.0	MESH:D018805
1548943.0	MESH:D004487
500213.0	MESH:D012878
24154.0	MESH:D002471
24154.0	MESH:D002779
439213.0	MESH:D007249
439213.0	MESH:D018771
439213.0	MESH:D009062
439213.0	MESH:D001168
439213.0	MESH:D002544
439213.0	MESH:D010003
439213.0	MESH:D010146
439213.0	MESH:D013272
439213.0	MESH:D010024
439213.0	MESH:D003876
439213.0	MESH:D015212
931.0	MESH:D009362
5250.0	MESH:D009361
3776.0	MESH:D012772
244.0	MESH:D001145
9001.0	MESH:D011658
9001.0	MESH:D009336
12408.0	MESH:D008546
5718.0	MESH:D015658
5718.0	MESH:D016483
5718.0	MESH:D000386
5718.0	MESH:D000163
5780.0	MESH:D009369
5316860.0	MESH:D001862
10819.0	MESH:D008569
10819.0	MESH:D012878
10819.0	MESH:D006965
10819.0	MESH:D056486
10819.0	MESH:D004487
1889.0	MESH:D009120
122097.0	MESH:D003092
64961.0	MESH:D019970
60795.0	MESH:D008607
60795.0	MESH:D001008
60795.0	MESH:D002659
60795.0	MESH:D005879
60795.0	MESH:D004409
60795.0	MESH:D006966
60795.0	MESH:D006816
60795.0	MESH:D009069
60795.0	MESH:D012563
60795.0	MESH:D001289
60795.0	MESH:D004775
60795.0	MESH:D009765
60795.0	MESH:D001523
60795.0	MESH:D003866
60795.0	MESH:D005687
60795.0	MESH:D000437
60795.0	MESH:D009771
60795.0	MESH:D001321
60795.0	MESH:D011618
60795.0	MESH:D020817
60795.0	MESH:D006948
60795.0	MESH:D013981
60795.0	MESH:D019970
60795.0	MESH:D012559
60795.0	MESH:D008599
60795.0	MESH:D019969
60795.0	MESH:D011605
60795.0	MESH:D001714
60795.0	MESH:D019956
444539.0	MESH:D008545
444539.0	MESH:D007674
444539.0	MESH:D003384
5280536.0	MESH:D004487
5322111.0	MESH:D006943
5322111.0	MESH:D005234
5322111.0	MESH:D002869
5322111.0	MESH:D008103
5322111.0	MESH:D015430
72281.0	MESH:D000230
72281.0	MESH:D009336
72281.0	MESH:D056486
72281.0	MESH:D006930
72281.0	MESH:D009437
72281.0	MESH:D003110
72281.0	MESH:D015431
170833.0	MESH:D012640
7172.0	MESH:D003371
7172.0	MESH:D001249
7172.0	MESH:D055371
1550607.0	MESH:D009374
1550607.0	MESH:D001943
3879.0	MESH:D001281
72344.0	MESH:D003110
72344.0	MESH:D011230
4463283.0	MESH:D012640
442428.0	MESH:D006332
442428.0	MESH:D005234
442428.0	MESH:D001284
442428.0	MESH:D007333
442428.0	MESH:D011658
442428.0	MESH:D009336
442428.0	MESH:D002583
442428.0	MESH:D001862
442428.0	MESH:D000707
442428.0	MESH:D010024
442428.0	MESH:D010998
442428.0	MESH:D009361
442428.0	MESH:D011014
442428.0	MESH:D007674
442428.0	MESH:D055371
442428.0	MESH:D003371
442428.0	MESH:D004678
442428.0	MESH:D050171
442428.0	MESH:D012130
442428.0	MESH:D015431
442428.0	MESH:C537171
442428.0	MESH:D005355
442428.0	MESH:D056486
442428.0	MESH:D020258
442428.0	MESH:D017449
442428.0	MESH:D007249
442428.0	MESH:D005911
442428.0	MESH:D066126
442428.0	MESH:D058186
442428.0	MESH:D009203
442428.0	MESH:D058226
442428.0	MESH:D018487
442428.0	MESH:D004487
785.0	MESH:D012772
785.0	MESH:D002545
785.0	MESH:D056486
785.0	MESH:D008548
785.0	MESH:D004487
4453.0	MESH:D009336
4453.0	MESH:D056486
68077.0	MESH:D007680
68077.0	MESH:D007674
68077.0	MESH:D001943
68077.0	MESH:D064420
68077.0	MESH:D056486
68077.0	MESH:D003921
10883523.0	MESH:D006973
10883523.0	MESH:D001745
10883523.0	MESH:D010024
10883523.0	MESH:D015663
10883523.0	MESH:D001849
10883523.0	MESH:D011128
10883523.0	MESH:D006962
10883523.0	MESH:D001478
10883523.0	MESH:D012279
10883523.0	MESH:D007011
10883523.0	MESH:D015470
10883523.0	MESH:D008569
10883523.0	MESH:D063806
10883523.0	MESH:D009408
10883523.0	MESH:D014947
10883523.0	MESH:D001523
10883523.0	MESH:D014808
10883523.0	MESH:D011618
10883523.0	MESH:D018771
10883523.0	MESH:D015427
10883523.0	MESH:D009103
10883523.0	MESH:D011537
10883523.0	MESH:D011297
10883523.0	MESH:D009461
10883523.0	MESH:D003110
10883523.0	MESH:D012140
10883523.0	MESH:D051346
10883523.0	MESH:D003072
10883523.0	MESH:D007249
10883523.0	MESH:D058186
10883523.0	MESH:D011471
10883523.0	MESH:D010146
10883523.0	MESH:D010259
10883523.0	MESH:D000544
10883523.0	MESH:D018908
5281232.0	MESH:D007333
5281232.0	MESH:D055371
69512.0	MESH:D012164
7456.0	MESH:D020258
7456.0	MESH:D003072
7456.0	MESH:D011595
936.0	MESH:D006948
936.0	MESH:D012878
936.0	MESH:D019636
936.0	MESH:D020521
936.0	MESH:D002545
936.0	MESH:D056486
936.0	MESH:D064420
936.0	MESH:D009410
936.0	MESH:D017880
936.0	MESH:D012393
936.0	MESH:D003921
936.0	MESH:D006330
936.0	MESH:D012640
936.0	MESH:D010391
936.0	MESH:D002653
936.0	MESH:D020520
936.0	MESH:D002972
73386.0	MESH:D012164
1174.0	MESH:D001749
1174.0	MESH:D009362
5281233.0	MESH:D006332
5281233.0	MESH:D007249
5281233.0	MESH:D066126
5281233.0	MESH:D050197
5281233.0	MESH:D009336
5281233.0	MESH:D007674
5281233.0	MESH:D003866
5281233.0	MESH:D006949
5281233.0	MESH:D008107
5281233.0	MESH:D020734
5281233.0	MESH:D007022
5281233.0	MESH:D003072
5281233.0	MESH:D014456
5353546.0	MESH:D009369
969516.0	MESH:D012509
969516.0	MESH:D012640
969516.0	MESH:D007676
969516.0	MESH:D006528
969516.0	MESH:D009069
969516.0	MESH:D007859
969516.0	MESH:D011507
969516.0	MESH:D006937
969516.0	MESH:D009765
969516.0	MESH:D008223
969516.0	MESH:D001749
969516.0	MESH:D006930
969516.0	MESH:D009374
969516.0	MESH:D000236
969516.0	MESH:D003110
969516.0	MESH:D009385
969516.0	MESH:D009062
969516.0	MESH:D009845
969516.0	MESH:D014565
969516.0	MESH:D004487
969516.0	MESH:D005234
969516.0	MESH:D001201
969516.0	MESH:D003556
969516.0	MESH:D009190
969516.0	MESH:D010051
969516.0	MESH:D009101
969516.0	MESH:D009369
969516.0	MESH:D008569
969516.0	MESH:D009376
969516.0	MESH:D020261
969516.0	MESH:D058065
969516.0	MESH:D004646
969516.0	MESH:D034141
969516.0	MESH:D015212
969516.0	MESH:D005355
969516.0	MESH:D006258
969516.0	MESH:D002277
969516.0	MESH:D020258
969516.0	MESH:D002294
969516.0	MESH:D015430
969516.0	MESH:D012878
969516.0	MESH:D008545
969516.0	MESH:D000647
969516.0	MESH:D003092
969516.0	MESH:D020734
969516.0	MESH:D014456
969516.0	MESH:D006332
969516.0	MESH:D006471
969516.0	MESH:D007333
969516.0	MESH:D011041
969516.0	MESH:D001943
969516.0	MESH:D009410
969516.0	MESH:D005770
969516.0	MESH:D010024
969516.0	MESH:D000419
969516.0	MESH:D008630
969516.0	MESH:D009134
969516.0	MESH:D000402
969516.0	MESH:D055371
969516.0	MESH:D064420
969516.0	MESH:D006949
969516.0	MESH:D013276
969516.0	MESH:D019559
969516.0	MESH:D006331
969516.0	MESH:D012128
969516.0	MESH:D001172
969516.0	MESH:D003924
969516.0	MESH:D019970
969516.0	MESH:D009135
969516.0	MESH:D007938
969516.0	MESH:D004751
969516.0	MESH:D007249
969516.0	MESH:D004381
969516.0	MESH:D003704
969516.0	MESH:D011471
969516.0	MESH:D009203
969516.0	MESH:D007414
969516.0	MESH:D008107
969516.0	MESH:D016399
969516.0	MESH:D018805
969516.0	MESH:D000544
969516.0	MESH:D006529
969516.0	MESH:D006943
969516.0	MESH:D009202
969516.0	MESH:D007037
969516.0	MESH:D002289
969516.0	MESH:D009423
969516.0	MESH:D006973
969516.0	MESH:D011125
969516.0	MESH:D009336
969516.0	MESH:D008106
969516.0	MESH:D009361
969516.0	MESH:D016481
969516.0	MESH:D006980
969516.0	MESH:D053627
969516.0	MESH:D005909
969516.0	MESH:D001932
969516.0	MESH:D006504
969516.0	MESH:D008654
969516.0	MESH:D050197
969516.0	MESH:D007674
969516.0	MESH:D002545
969516.0	MESH:D017202
969516.0	MESH:D003967
969516.0	MESH:D015431
969516.0	MESH:D019954
969516.0	MESH:D008175
969516.0	MESH:D015417
969516.0	MESH:D056486
969516.0	MESH:D001169
969516.0	MESH:D010003
969516.0	MESH:D013274
969516.0	MESH:D003103
969516.0	MESH:D010190
969516.0	MESH:D003072
969516.0	MESH:D019973
969516.0	MESH:D006461
969516.0	MESH:D007889
969516.0	MESH:D003928
969516.0	MESH:D058186
969516.0	MESH:D006470
969516.0	MESH:D016510
969516.0	MESH:D011656
969516.0	MESH:D001327
969516.0	MESH:D018270
969516.0	MESH:D018487
969516.0	MESH:D011654
5469424.0	MESH:D000647
5469424.0	MESH:D004487
5469424.0	MESH:D009361
124072.0	MESH:D018376
124072.0	MESH:D052456
124072.0	MESH:D006937
124072.0	MESH:D058186
124072.0	MESH:D006973
124072.0	MESH:D009336
124072.0	MESH:D056486
124072.0	MESH:D006930
124072.0	MESH:D020258
124072.0	MESH:D020426
124072.0	MESH:D015228
124072.0	MESH:D009437
124072.0	MESH:D006951
6076.0	MESH:D001249
5281149.0	MESH:D006943
5281149.0	MESH:D002545
5281149.0	MESH:D015427
5281607.0	MESH:D007249
5281607.0	MESH:D006937
5281607.0	MESH:D007680
5281607.0	MESH:D011230
5281607.0	MESH:D008175
5281607.0	MESH:D011470
5281607.0	MESH:D008103
5281607.0	MESH:D000707
5281607.0	MESH:D003110
5281607.0	MESH:D006946
5281607.0	MESH:D004487
636822.0	MESH:D002779
10205.0	MESH:D006968
10205.0	MESH:D020244
10545.0	MESH:D009369
586.0	MESH:D009133
586.0	MESH:D003866
586.0	MESH:D004409
586.0	MESH:D020734
586.0	MESH:D009135
586.0	MESH:D006816
73659.0	MESH:D012878
73659.0	MESH:D010212
64945.0	MESH:D006943
64945.0	MESH:D006965
64945.0	MESH:D001284
64945.0	MESH:D002546
64945.0	MESH:D002286
64945.0	MESH:D009369
64945.0	MESH:D006528
64945.0	MESH:D020244
64945.0	MESH:D006949
64945.0	MESH:D017202
64945.0	MESH:D010212
64945.0	MESH:D002471
64945.0	MESH:D019954
64945.0	MESH:D015427
64945.0	MESH:D056486
64945.0	MESH:D008103
64945.0	MESH:D001018
64945.0	MESH:D015430
64945.0	MESH:D007249
64945.0	MESH:D012878
64945.0	MESH:D003921
64945.0	MESH:D006529
7628.0	MESH:D009202
7628.0	MESH:D005911
7628.0	MESH:D007674
7628.0	MESH:D056486
7628.0	MESH:D020261
5281670.0	MESH:D009845
5281670.0	MESH:D007333
5281670.0	MESH:D007674
5281670.0	MESH:D008106
5281670.0	MESH:D007511
5281670.0	MESH:D056486
5281670.0	MESH:D006528
5281670.0	MESH:D009374
5281670.0	MESH:D015431
5281670.0	MESH:D004487
5281670.0	MESH:D008114
199.0	MESH:D009293
199.0	MESH:D013375
199.0	MESH:D002544
199.0	MESH:D009021
199.0	MESH:D010146
199.0	MESH:D006930
199.0	MESH:D007022
199.0	MESH:D004681
199.0	MESH:D001919
164619.0	MESH:D003921
164619.0	MESH:D003928
107971.0	MESH:D008569
107971.0	MESH:D011471
5281614.0	MESH:D009374
5281614.0	MESH:D006937
5281614.0	MESH:D011471
5281614.0	MESH:D058186
5317750.0	MESH:D009361
5317750.0	MESH:D010243
5317750.0	MESH:D001254
5317750.0	MESH:D019636
638278.0	MESH:D003092
638278.0	MESH:D009422
638278.0	MESH:D001943
638278.0	MESH:D056486
638278.0	MESH:D009362
638278.0	MESH:D009120
638278.0	MESH:D009361
638278.0	MESH:D001927
638278.0	MESH:D003110
638278.0	MESH:D000236
7405.0	MESH:D000647
47795.0	MESH:D004487
47795.0	MESH:D010146
73309.0	MESH:D009369
73309.0	MESH:D017202
612.0	MESH:D020149
612.0	MESH:D064420
445858.0	MESH:D007249
445858.0	MESH:D006973
445858.0	MESH:D050197
445858.0	MESH:D002252
445858.0	MESH:D008545
445858.0	MESH:D008106
445858.0	MESH:D012640
445858.0	MESH:D009203
445858.0	MESH:D006946
8530.0	MESH:D007249
3806.0	MESH:D020233
3806.0	MESH:D009410
6850715.0	MESH:D013733
6850715.0	MESH:D001145
6850715.0	MESH:D048629
124375.0	MESH:D014605
6473881.0	MESH:D007249
6473881.0	MESH:D006968
6473881.0	MESH:D053201
6473881.0	MESH:D001943
6473881.0	MESH:D011471
6473881.0	MESH:D013274
6473881.0	MESH:D009369
6473881.0	MESH:D009389
60962.0	MESH:D001168
1175.0	MESH:D002779
1175.0	MESH:D002310
1175.0	MESH:D000740
1175.0	MESH:D007970
5352899.0	MESH:D005909
443013.0	MESH:D010538
443013.0	MESH:D002286
443013.0	MESH:D001943
443013.0	MESH:D015179
443013.0	MESH:D007938
119301.0	MESH:D011041
119301.0	MESH:D015431
5282367.0	MESH:D008114
5282367.0	MESH:D020300
5281616.0	MESH:D007249
5281616.0	MESH:D006943
5281616.0	MESH:D007333
5281616.0	MESH:D006967
5281616.0	MESH:D000707
5281616.0	MESH:D034381
5281616.0	MESH:D009374
5281616.0	MESH:D015228
5281616.0	MESH:C535575
5281616.0	MESH:D006946
6072.0	MESH:D006943
6072.0	MESH:D003921
4788.0	MESH:D056486
6212.0	MESH:D010146
6212.0	MESH:D008114
679.0	MESH:D007249
679.0	MESH:D011507
679.0	MESH:D018159
679.0	MESH:D005119
679.0	MESH:D058186
679.0	MESH:D009336
679.0	MESH:D004890
679.0	MESH:D008106
679.0	MESH:D056486
679.0	MESH:D034381
679.0	MESH:D010292
679.0	MESH:D012640
679.0	MESH:D012883
679.0	MESH:D007022
679.0	MESH:D014456
679.0	MESH:D048629
12309425.0	MESH:D003110
12309425.0	MESH:D056486
1738.0	MESH:D019956
5870.0	MESH:D006943
5870.0	MESH:D006946
5870.0	MESH:D010182
82755.0	MESH:D006943
82755.0	MESH:D003928
82755.0	MESH:D050171
82755.0	MESH:D008107
82755.0	MESH:D006331
5281544.0	MESH:D006937
5281544.0	MESH:D005234
5281544.0	MESH:D064420
5281544.0	MESH:D006949
5281544.0	MESH:D015228
5281544.0	MESH:D006331
5281544.0	MESH:D015430
5281544.0	MESH:D006529
159278.0	MESH:D066126
159278.0	MESH:D001862
159278.0	MESH:D055371
159278.0	MESH:D015431
159278.0	MESH:D004719
31211.0	MESH:D009336
31211.0	MESH:D056486
10918539.0	MESH:D007249
10918539.0	MESH:D006943
10918539.0	MESH:D053627
10918539.0	MESH:D006965
10918539.0	MESH:D009845
10918539.0	MESH:D012878
10918539.0	MESH:D009336
10918539.0	MESH:D014178
10918539.0	MESH:D007674
10918539.0	MESH:D013733
10918539.0	MESH:D011471
10918539.0	MESH:D056486
10918539.0	MESH:D020258
10918539.0	MESH:D007248
10918539.0	MESH:D000303
10918539.0	MESH:D009369
10918539.0	MESH:D015431
10918539.0	MESH:D048629
439260.0	MESH:D012131
439260.0	MESH:D009901
439260.0	MESH:D013610
439260.0	MESH:D056987
439260.0	MESH:D001919
439260.0	MESH:D011183
439260.0	MESH:D004827
439260.0	MESH:D012772
439260.0	MESH:D002375
439260.0	MESH:D017202
439260.0	MESH:D005901
439260.0	MESH:D006323
439260.0	MESH:D012164
439260.0	MESH:D013274
439260.0	MESH:D006261
439260.0	MESH:D008113
439260.0	MESH:D012771
439260.0	MESH:D013616
439260.0	MESH:D012770
439260.0	MESH:D006470
439260.0	MESH:D002037
439260.0	MESH:D012120
439260.0	MESH:D012769
439260.0	MESH:D000647
439260.0	MESH:D001237
439260.0	MESH:D009798
439260.0	MESH:D018805
439260.0	MESH:D007022
439260.0	MESH:D014693
2266.0	MESH:D007249
2266.0	MESH:D012871
2266.0	MESH:D050197
2266.0	MESH:D000152
2266.0	MESH:D012393
2266.0	MESH:D017495
2266.0	MESH:D018327
2266.0	MESH:D008548
2266.0	MESH:D011565
2266.0	MESH:D003876
2266.0	MESH:D019557
441477.0	MESH:D007249
441477.0	MESH:D018771
441477.0	MESH:D009062
441477.0	MESH:D001168
441477.0	MESH:D002544
441477.0	MESH:D010003
441477.0	MESH:D010146
441477.0	MESH:D013272
441477.0	MESH:D010024
441477.0	MESH:D003876
441477.0	MESH:D015212
753.0	MESH:D007010
753.0	MESH:D020521
753.0	MESH:D015812
753.0	MESH:D007177
521267.0	MESH:D012640
5694.0	MESH:D006943
5694.0	MESH:D005234
5694.0	MESH:D006965
5694.0	MESH:D007333
5694.0	MESH:D058186
5694.0	MESH:D009369
5694.0	MESH:D009765
5694.0	MESH:D017453
5694.0	MESH:D015427
5694.0	MESH:D008106
5694.0	MESH:D055371
5694.0	MESH:D056486
5694.0	MESH:D006333
5694.0	MESH:D047508
5694.0	MESH:D009203
5694.0	MESH:D006331
5694.0	MESH:D003876
5694.0	MESH:D004487
5694.0	MESH:D015428
6249.0	MESH:D002761
6249.0	MESH:D014552
6249.0	MESH:D004697
6249.0	MESH:D001424
6249.0	MESH:D011014
6249.0	MESH:D016470
6249.0	MESH:D004698
6249.0	MESH:D013276
6249.0	MESH:D016920
6249.0	MESH:D016905
6249.0	MESH:D003424
6249.0	MESH:D004696
6249.0	MESH:D000038
6249.0	MESH:D012480
6249.0	MESH:D010538
6249.0	MESH:D008583
6249.0	MESH:D013203
6249.0	MESH:D013224
6249.0	MESH:D004381
6249.0	MESH:D006192
6249.0	MESH:D016908
6249.0	MESH:D010146
6249.0	MESH:D013290
6249.0	MESH:D004405
6249.0	MESH:D011512
6249.0	MESH:D018805
6249.0	MESH:D004927
6249.0	MESH:D012852
1549091.0	MESH:D056486
1549091.0	MESH:D000647
1549091.0	MESH:D001930
1549091.0	MESH:D000860
1549091.0	MESH:D004487
5809667.0	MESH:D002869
5320146.0	MESH:D006937
5320146.0	MESH:D003928
5320146.0	MESH:D007674
5320146.0	MESH:D013733
5320146.0	MESH:D020261
5320146.0	MESH:D006331
119034.0	MESH:D015431
119034.0	MESH:D058739
6213.0	MESH:D003092
5757.0	MESH:D006943
5757.0	MESH:D001284
5757.0	MESH:D007333
5757.0	MESH:D000230
5757.0	MESH:D020149
5757.0	MESH:D009336
5757.0	MESH:D010049
5757.0	MESH:D020301
5757.0	MESH:D008106
5757.0	MESH:D001943
5757.0	MESH:D018149
5757.0	MESH:D009410
5757.0	MESH:D010024
5757.0	MESH:D012640
5757.0	MESH:D015663
5757.0	MESH:D013978
5757.0	MESH:D009361
5757.0	MESH:D006558
5757.0	MESH:D004681
5757.0	MESH:D006528
5757.0	MESH:D007859
5757.0	MESH:D053159
5757.0	MESH:D008171
5757.0	MESH:D008569
5757.0	MESH:D050197
5757.0	MESH:D019584
5757.0	MESH:D009422
5757.0	MESH:D020244
5757.0	MESH:D007674
5757.0	MESH:D003866
5757.0	MESH:D017180
5757.0	MESH:D002375
5757.0	MESH:D004211
5757.0	MESH:D007319
5757.0	MESH:D014623
5757.0	MESH:D011225
5757.0	MESH:D005313
5757.0	MESH:D056486
5757.0	MESH:D008527
5757.0	MESH:D000505
5757.0	MESH:D015428
5757.0	MESH:D003324
5757.0	MESH:D015430
5757.0	MESH:D003928
5757.0	MESH:D002869
5757.0	MESH:D008325
5757.0	MESH:D010300
5757.0	MESH:D011471
5757.0	MESH:D010146
5757.0	MESH:D000647
5757.0	MESH:D009203
5757.0	MESH:D003711
5757.0	MESH:D001930
5757.0	MESH:D014693
5756.0	MESH:D050197
5756.0	MESH:D006059
5756.0	MESH:D004714
5756.0	MESH:D007018
5756.0	MESH:D004681
5281126.0	MESH:D056486
6013.0	MESH:D004195
6013.0	MESH:D001008
6013.0	MESH:D000230
6013.0	MESH:D004409
6013.0	MESH:D007248
6013.0	MESH:D011472
6013.0	MESH:D012735
6013.0	MESH:D007713
6013.0	MESH:D008569
6013.0	MESH:D019584
6013.0	MESH:D019263
6013.0	MESH:D003866
6013.0	MESH:D002375
6013.0	MESH:D017202
6013.0	MESH:D009437
6013.0	MESH:D003865
6013.0	MESH:D003456
6013.0	MESH:D020018
6013.0	MESH:D061205
6013.0	MESH:D006948
6013.0	MESH:D007006
6013.0	MESH:D019247
6013.0	MESH:D007172
6013.0	MESH:D006333
6013.0	MESH:D020258
6013.0	MESH:D007018
6013.0	MESH:D009362
6013.0	MESH:D008325
6013.0	MESH:D009133
6013.0	MESH:D011471
6013.0	MESH:D005221
6013.0	MESH:D000647
6013.0	MESH:D013927
3220.0	MESH:D004802
3220.0	MESH:D005355
3220.0	MESH:D001249
3220.0	MESH:D008106
3220.0	MESH:D015459
10168.0	MESH:D008106
60699.0	MESH:D005909
60699.0	MESH:D002289
60699.0	MESH:D000230
60699.0	MESH:D008545
60699.0	MESH:D001201
60699.0	MESH:D007938
60699.0	MESH:D009190
60699.0	MESH:D010051
60699.0	MESH:D009101
60699.0	MESH:D009447
60699.0	MESH:D002292
60699.0	MESH:D003110
60699.0	MESH:D009369
60699.0	MESH:D008228
60699.0	MESH:D055752
60699.0	MESH:D006528
10281.0	MESH:D004195
10281.0	MESH:D005234
10281.0	MESH:D018908
10281.0	MESH:D006973
10281.0	MESH:D011658
10281.0	MESH:D002286
10281.0	MESH:D009361
10281.0	MESH:D000419
10281.0	MESH:D006528
10281.0	MESH:D011507
10281.0	MESH:D005198
10281.0	MESH:D007674
10281.0	MESH:D064420
10281.0	MESH:D009374
10281.0	MESH:D015431
10281.0	MESH:D006417
10281.0	MESH:D001172
10281.0	MESH:D056486
10281.0	MESH:D001169
10281.0	MESH:D007794
10281.0	MESH:D005235
10281.0	MESH:D003072
10281.0	MESH:D015430
10281.0	MESH:D007249
10281.0	MESH:D008114
10281.0	MESH:D003928
10281.0	MESH:D006470
10281.0	MESH:D008206
10281.0	MESH:D003921
10281.0	MESH:D010302
10281.0	MESH:D006529
5204.0	MESH:D007249
5204.0	MESH:D006331
5204.0	MESH:D018476
5204.0	MESH:D020244
5204.0	MESH:D056486
5204.0	MESH:D002375
5204.0	MESH:D020734
5204.0	MESH:D001930
5204.0	MESH:D004487
68289.0	MESH:D007249
68289.0	MESH:D005234
68289.0	MESH:D008106
68289.0	MESH:D056486
68289.0	MESH:D009203
5280960.0	MESH:D012878
5280960.0	MESH:D010212
65576.0	MESH:C538231
65576.0	MESH:D009361
3016.0	MESH:D012131
3016.0	MESH:D012640
3016.0	MESH:D054058
3016.0	MESH:D009069
3016.0	MESH:D004827
3016.0	MESH:D006930
3016.0	MESH:D014202
3016.0	MESH:D015228
3016.0	MESH:D020821
3016.0	MESH:D007008
3016.0	MESH:D011618
3016.0	MESH:D007319
3016.0	MESH:D020270
3016.0	MESH:D000430
3016.0	MESH:D017029
3016.0	MESH:D004831
3016.0	MESH:D000787
3016.0	MESH:D016584
3016.0	MESH:D001930
3016.0	MESH:D013742
3016.0	MESH:D001008
3016.0	MESH:D009207
3016.0	MESH:D012735
3016.0	MESH:D012563
3016.0	MESH:D011183
3016.0	MESH:D013035
3016.0	MESH:D011602
3016.0	MESH:D006948
3016.0	MESH:D014313
3016.0	MESH:D014555
3016.0	MESH:D020230
3016.0	MESH:D002389
3016.0	MESH:D019955
3016.0	MESH:D010300
3016.0	MESH:D000855
3016.0	MESH:D017114
3016.0	MESH:D001714
3016.0	MESH:D005756
3016.0	MESH:D011041
3016.0	MESH:D004401
3016.0	MESH:D010149
3016.0	MESH:D009410
3016.0	MESH:D004409
3016.0	MESH:D004828
3016.0	MESH:D003221
3016.0	MESH:D006212
3016.0	MESH:D053201
3016.0	MESH:D003693
3016.0	MESH:D064420
3016.0	MESH:D009497
3016.0	MESH:D002819
3016.0	MESH:D013313
3016.0	MESH:D013064
3016.0	MESH:D019970
3016.0	MESH:D013616
3016.0	MESH:D009135
3016.0	MESH:D002637
3016.0	MESH:D004829
3016.0	MESH:D001480
3016.0	MESH:D013226
3016.0	MESH:D011605
3016.0	MESH:D009122
3016.0	MESH:D009357
3016.0	MESH:D006973
3016.0	MESH:D004421
3016.0	MESH:D013610
3016.0	MESH:D004830
3016.0	MESH:D009127
3016.0	MESH:D005909
3016.0	MESH:D020250
3016.0	MESH:D001523
3016.0	MESH:D003866
3016.0	MESH:D020820
3016.0	MESH:D005207
3016.0	MESH:D009120
3016.0	MESH:D004461
3016.0	MESH:D004832
3016.0	MESH:D003294
3016.0	MESH:D009459
3016.0	MESH:D003680
3016.0	MESH:D053608
3016.0	MESH:D001259
3016.0	MESH:D007174
3016.0	MESH:D001927
3016.0	MESH:D017109
3016.0	MESH:D012559
3016.0	MESH:D003072
3016.0	MESH:D000379
3016.0	MESH:D013375
3016.0	MESH:D062025
3016.0	MESH:D007035
3016.0	MESH:D010146
13314.0	MESH:D007319
13314.0	MESH:D012206
5477212.0	MESH:D056486
778.0	MESH:D020258
778.0	MESH:D011041
778.0	MESH:D012640
8181.0	MESH:D011658
6029.0	MESH:D004342
6029.0	MESH:D005234
6029.0	MESH:C538525
6029.0	MESH:D000749
6029.0	MESH:D028361
6029.0	MESH:D056486
6029.0	MESH:D064420
6029.0	MESH:D000015
6029.0	MESH:D010523
6029.0	MESH:D017240
5320351.0	MESH:D007249
5320351.0	MESH:D006099
5320351.0	MESH:D004487
5320351.0	MESH:D056486
3239.0	MESH:D011471
3239.0	MESH:D001943
5281222.0	MESH:D003790
736715.0	MESH:D003877
145858.0	MESH:D006943
145858.0	MESH:D007333
145858.0	MESH:D058186
145858.0	MESH:D009889
145858.0	MESH:D055370
145858.0	MESH:D018149
145858.0	MESH:D015430
5281727.0	MESH:D006943
5281727.0	MESH:D058739
5281727.0	MESH:D004195
5281727.0	MESH:D001943
5281727.0	MESH:D018149
5281727.0	MESH:D009361
5281727.0	MESH:D006528
5281727.0	MESH:D007674
5281727.0	MESH:D010212
5281727.0	MESH:D002471
5281727.0	MESH:D015179
5281727.0	MESH:D000236
5281727.0	MESH:D033461
5281727.0	MESH:D012516
5281727.0	MESH:D003110
5281727.0	MESH:D010190
5281727.0	MESH:D009362
5281727.0	MESH:D007938
5281727.0	MESH:D015464
5281727.0	MESH:D007249
5281727.0	MESH:D012878
5281727.0	MESH:D003921
4947.0	MESH:D002471
4947.0	MESH:D008113
5281794.0	MESH:D009361
5281794.0	MESH:D019636
178.0	MESH:D010939
4971.0	MESH:D009369
4971.0	MESH:D001749
4971.0	MESH:D009389
1004.0	MESH:D007855
275196.0	MESH:D015473
275196.0	MESH:D003371
275196.0	MESH:D005910
275196.0	MESH:D015458
275196.0	MESH:D003711
5154.0	MESH:C538231
5154.0	MESH:D009374
6758.0	MESH:D007249
6758.0	MESH:D015427
6758.0	MESH:D006973
6758.0	MESH:D009336
6758.0	MESH:D001862
6758.0	MESH:D006930
6758.0	MESH:D017114
6758.0	MESH:D009437
6758.0	MESH:D010190
5283731.0	MESH:D001851
5283731.0	MESH:D012080
5283731.0	MESH:D011471
5283731.0	MESH:D009135
5283731.0	MESH:D010018
5280793.0	MESH:D007011
5280793.0	MESH:D006526
5280793.0	MESH:D053098
5280793.0	MESH:C537700
5280793.0	MESH:D010020
5280793.0	MESH:D009135
5280793.0	MESH:D010018
9958.0	MESH:D010523
9958.0	MESH:D003929
75552.0	MESH:D007674
75552.0	MESH:D056486
13934285.0	MESH:D011471
13934285.0	MESH:D011470
1030.0	MESH:D012640
6443339.0	MESH:D018450
6443339.0	MESH:D001943
6443339.0	MESH:D010003
6443339.0	MESH:D010024
6443339.0	MESH:D008207
6443339.0	MESH:D009361
6443339.0	MESH:D010518
6443339.0	MESH:D006528
5641.0	MESH:D006973
8434.0	MESH:D008545
22959485.0	MESH:D056486
639665.0	MESH:D018450
639665.0	MESH:D001943
639665.0	MESH:D010003
639665.0	MESH:D010024
639665.0	MESH:D008207
639665.0	MESH:D009361
639665.0	MESH:D010518
639665.0	MESH:D006528
16590.0	MESH:D000230
16590.0	MESH:D009336
16590.0	MESH:D007674
16590.0	MESH:D011471
16590.0	MESH:D056486
16590.0	MESH:D009361
16590.0	MESH:D003110
16590.0	MESH:D009369
15103.0	MESH:D020261
607.0	MESH:D007249
607.0	MESH:D006965
607.0	MESH:D012878
607.0	MESH:D058186
7187.0	MESH:D012871
7187.0	MESH:D000152
7187.0	MESH:D017486
7187.0	MESH:D006261
7187.0	MESH:D014946
7187.0	MESH:D012883
7187.0	MESH:D003668
430147.0	MESH:D019318
430147.0	MESH:D009765
123917.0	MESH:D001943
123917.0	MESH:D009389
24877.0	MESH:D007855
24877.0	MESH:D018798
6438333.0	MESH:D011832
6438333.0	MESH:D015428
951.0	MESH:D012131
951.0	MESH:D009901
951.0	MESH:D013610
951.0	MESH:D056987
951.0	MESH:D001919
951.0	MESH:D011183
951.0	MESH:D004827
951.0	MESH:D012772
951.0	MESH:D002375
951.0	MESH:D017202
951.0	MESH:D005901
951.0	MESH:D006323
951.0	MESH:D012164
951.0	MESH:D013274
951.0	MESH:D006261
951.0	MESH:D008113
951.0	MESH:D012771
951.0	MESH:D013616
951.0	MESH:D012770
951.0	MESH:D006470
951.0	MESH:D002037
951.0	MESH:D012120
951.0	MESH:D012769
951.0	MESH:D000647
951.0	MESH:D001237
951.0	MESH:D009798
951.0	MESH:D018805
951.0	MESH:D007022
951.0	MESH:D014693
120181.0	MESH:D001145
398793.0	MESH:D000647
5213.0	MESH:D005234
5213.0	MESH:D007333
5213.0	MESH:D020149
5213.0	MESH:D009336
5213.0	MESH:D008106
5213.0	MESH:D009410
5213.0	MESH:D009145
5213.0	MESH:D007674
5213.0	MESH:D011470
5213.0	MESH:D064420
5213.0	MESH:D013276
5213.0	MESH:D065626
5213.0	MESH:D015431
5213.0	MESH:D006331
5213.0	MESH:D004927
5213.0	MESH:D056486
5213.0	MESH:D008103
5213.0	MESH:D008113
5213.0	MESH:D005235
5213.0	MESH:D007938
5213.0	MESH:D007249
5213.0	MESH:D006461
5213.0	MESH:D008108
5213.0	MESH:D066126
5213.0	MESH:D012878
5213.0	MESH:D006470
5213.0	MESH:D014646
5213.0	MESH:D011471
5213.0	MESH:D010302
5213.0	MESH:D008107
5213.0	MESH:D020734
5213.0	MESH:D007022
5213.0	MESH:D018487
5213.0	MESH:D004487
5213.0	MESH:D006529
23673837.0	MESH:D003248
967.0	MESH:D006949
1825.0	MESH:D006973
1825.0	MESH:D002318
3503.0	MESH:D004487
16043.0	MESH:D006332
16043.0	MESH:D007249
16043.0	MESH:D019457
16043.0	MESH:D058186
16043.0	MESH:D006973
16043.0	MESH:D008113
16043.0	MESH:D009369
16043.0	MESH:D048629
80792.0	MESH:D012640
636970.0	MESH:D009369
5271805.0	MESH:D020820
115221.0	MESH:D009410
65243.0	MESH:D011507
65243.0	MESH:D001919
65243.0	MESH:D006975
65243.0	MESH:D009410
65243.0	MESH:D001745
65243.0	MESH:D007022
65243.0	MESH:D006323
5462193.0	MESH:D004487
11788398.0	MESH:D008569
11788398.0	MESH:D012878
11788398.0	MESH:D006965
11788398.0	MESH:D056486
11788398.0	MESH:D004487
119104.0	MESH:D007859
119104.0	MESH:D001930
119104.0	MESH:D002286
4484222.0	MESH:D001943
9847548.0	MESH:D012510
9847548.0	MESH:D002286
9847548.0	MESH:D015428
17973666.0	MESH:D012640
17973666.0	MESH:D008569
17973666.0	MESH:D009069
5352089.0	MESH:D012871
65110.0	MESH:D006332
65110.0	MESH:D005909
65110.0	MESH:D009374
65110.0	MESH:D015658
187.0	MESH:D006973
187.0	MESH:D000544
187.0	MESH:D007022
187.0	MESH:D007172
2244.0	MESH:D005368
2244.0	MESH:D006965
2244.0	MESH:D012001
2244.0	MESH:D005317
2244.0	MESH:D001928
2244.0	MESH:D001416
2244.0	MESH:D020757
2244.0	MESH:D020795
2244.0	MESH:D004916
2244.0	MESH:D054058
2244.0	MESH:D020300
2244.0	MESH:D013923
2244.0	MESH:D001749
2244.0	MESH:D000789
2244.0	MESH:D034381
2244.0	MESH:D006930
2244.0	MESH:D009374
2244.0	MESH:D015228
2244.0	MESH:D006934
2244.0	MESH:D015179
2244.0	MESH:D000236
2244.0	MESH:D011248
2244.0	MESH:D023903
2244.0	MESH:D020325
2244.0	MESH:D001168
2244.0	MESH:D019851
2244.0	MESH:D003110
2244.0	MESH:D013736
2244.0	MESH:D006940
2244.0	MESH:D000787
2244.0	MESH:D014854
2244.0	MESH:D013920
2244.0	MESH:D016736
2244.0	MESH:D007405
2244.0	MESH:D002644
2244.0	MESH:D007511
2244.0	MESH:D004487
2244.0	MESH:D003323
2244.0	MESH:D058739
2244.0	MESH:D005334
2244.0	MESH:D007683
2244.0	MESH:D002546
2244.0	MESH:D003556
2244.0	MESH:D003920
2244.0	MESH:D005759
2244.0	MESH:D008569
2244.0	MESH:D002544
2244.0	MESH:D002375
2244.0	MESH:D057049
2244.0	MESH:D012213
2244.0	MESH:D047928
2244.0	MESH:D002277
2244.0	MESH:D006333
2244.0	MESH:D013203
2244.0	MESH:D001477
2244.0	MESH:D003925
2244.0	MESH:D008881
2244.0	MESH:D006083
2244.0	MESH:D014555
2244.0	MESH:D059226
2244.0	MESH:D010300
2244.0	MESH:D009080
2244.0	MESH:D007022
2244.0	MESH:D007251
2244.0	MESH:D018908
2244.0	MESH:D009668
2244.0	MESH:D011230
2244.0	MESH:D016769
2244.0	MESH:D010149
2244.0	MESH:D001943
2244.0	MESH:D058729
2244.0	MESH:D034721
2244.0	MESH:D002532
2244.0	MESH:D014652
2244.0	MESH:D055371
2244.0	MESH:D003371
2244.0	MESH:D001281
2244.0	MESH:D002561
2244.0	MESH:D001170
2244.0	MESH:D002318
2244.0	MESH:D006331
2244.0	MESH:D003929
2244.0	MESH:D046110
2244.0	MESH:D020767
2244.0	MESH:D009325
2244.0	MESH:D001172
2244.0	MESH:D016706
2244.0	MESH:D019970
2244.0	MESH:D003324
2244.0	MESH:D007249
2244.0	MESH:D002637
2244.0	MESH:D012141
2244.0	MESH:D014591
2244.0	MESH:D020246
2244.0	MESH:D007238
2244.0	MESH:D009203
2244.0	MESH:D020520
2244.0	MESH:D011087
2244.0	MESH:D010612
2244.0	MESH:D001171
2244.0	MESH:D002289
2244.0	MESH:D003327
2244.0	MESH:D006973
2244.0	MESH:D007431
2244.0	MESH:D007592
2244.0	MESH:D009336
2244.0	MESH:D007752
2244.0	MESH:D013610
2244.0	MESH:D006463
2244.0	MESH:D005909
2244.0	MESH:D001932
2244.0	MESH:D008654
2244.0	MESH:D050197
2244.0	MESH:D014717
2244.0	MESH:D007674
2244.0	MESH:D002545
2244.0	MESH:D017202
2244.0	MESH:D005483
2244.0	MESH:D009120
2244.0	MESH:D003930
2244.0	MESH:D018771
2244.0	MESH:D005764
2244.0	MESH:D020521
2244.0	MESH:D003328
2244.0	MESH:D013274
2244.0	MESH:D056486
2244.0	MESH:D010003
2244.0	MESH:D006261
2244.0	MESH:D000784
2244.0	MESH:D010190
2244.0	MESH:D003928
2244.0	MESH:D058186
2244.0	MESH:D008180
2244.0	MESH:D006470
2244.0	MESH:D013375
2244.0	MESH:D010146
2244.0	MESH:D013927
2244.0	MESH:D054556
2244.0	MESH:D012851
2244.0	MESH:D018487
2244.0	MESH:D009072
108062.0	MESH:D006561
9839519.0	MESH:D012772
9839519.0	MESH:D015212
5315263.0	MESH:D009361
101977.0	MESH:D056486
101977.0	MESH:D006930
101977.0	MESH:D012640
101977.0	MESH:D015431
101977.0	MESH:D004487
54676038.0	MESH:D011655
54676038.0	MESH:D011183
54676038.0	MESH:D008545
54676038.0	MESH:D007674
54676038.0	MESH:D001943
54676038.0	MESH:D009203
54676038.0	MESH:D013927
54676038.0	MESH:D010190
54676038.0	MESH:D013923
9873754.0	MESH:D012772
9873754.0	MESH:D015212
14982.0	MESH:D056487
14982.0	MESH:D005234
14982.0	MESH:D058186
14982.0	MESH:D006506
14982.0	MESH:D009336
14982.0	MESH:D007674
14982.0	MESH:D056486
14982.0	MESH:D008113
14982.0	MESH:D017449
5422.0	MESH:D015470
5422.0	MESH:D001168
5422.0	MESH:D009336
5422.0	MESH:D006331
5422.0	MESH:D008106
5422.0	MESH:D007511
5422.0	MESH:D028361
5422.0	MESH:D016066
5422.0	MESH:D009203
5422.0	MESH:D013927
5422.0	MESH:D000860
3871.0	MESH:D006501
73398.0	MESH:D015431
73398.0	MESH:D005234
73398.0	MESH:D009361
73398.0	MESH:D056486
115056.0	MESH:D011537
115056.0	MESH:D002779
636750.0	MESH:D002779
1254.0	MESH:D009422
1254.0	MESH:D013276
1254.0	MESH:D019957
1254.0	MESH:D009437
6603320.0	MESH:D008101
6603320.0	MESH:D009361
795.0	MESH:D020018
795.0	MESH:D007035
795.0	MESH:D003866
795.0	MESH:D006970
134490.0	MESH:D012640
10917.0	MESH:D006332
10917.0	MESH:D009202
10917.0	MESH:D062787
10917.0	MESH:D019457
10917.0	MESH:D006973
10917.0	MESH:D008106
10917.0	MESH:D028361
10917.0	MESH:D022124
10917.0	MESH:D005198
10917.0	MESH:D006501
10917.0	MESH:D007674
10917.0	MESH:D064420
10917.0	MESH:D006331
10917.0	MESH:D008228
10917.0	MESH:D005355
10917.0	MESH:D049188
10917.0	MESH:D056486
10917.0	MESH:D006311
10917.0	MESH:D008113
10917.0	MESH:D009135
10917.0	MESH:D015428
10917.0	MESH:D058186
10917.0	MESH:D010523
10917.0	MESH:D009203
10917.0	MESH:D017114
10917.0	MESH:D017240
4671.0	MESH:D003928
5789.0	MESH:D052016
5789.0	MESH:D058186
5789.0	MESH:D013280
5789.0	MESH:D007970
5789.0	MESH:D009336
5789.0	MESH:D005076
5789.0	MESH:D064420
5789.0	MESH:D051437
5789.0	MESH:D011297
5789.0	MESH:D013921
5789.0	MESH:D009436
5789.0	MESH:D003128
5789.0	MESH:D001927
5789.0	MESH:D015179
2230.0	MESH:D019954
2230.0	MESH:D002375
2230.0	MESH:D000647
2230.0	MESH:D007022
2230.0	MESH:D002280
3213.0	MESH:D013964
3213.0	MESH:D014202
3213.0	MESH:D010051
3213.0	MESH:D001943
13344.0	MESH:D053040
13344.0	MESH:D014545
5321487.0	MESH:D020734
1374.0	MESH:D006943
1374.0	MESH:D007333
1374.0	MESH:D015430
1374.0	MESH:D006529
545800.0	MESH:D006937
6449829.0	MESH:D004487
21648.0	MESH:D009765
125.0	MESH:D007859
125.0	MESH:D000647
5281600.0	MESH:D018476
5281600.0	MESH:D019954
5281600.0	MESH:D018908
96918.0	MESH:D002375
96918.0	MESH:D012640
434768.0	MESH:D009374
4910.0	MESH:D002869
4910.0	MESH:D009369
4910.0	MESH:D009336
4910.0	MESH:D007674
4910.0	MESH:D056486
4910.0	MESH:D007154
4910.0	MESH:D012513
5353639.0	MESH:D018197
5353639.0	MESH:D004915
5353639.0	MESH:D013274
123908.0	MESH:D008545
123908.0	MESH:D001749
123908.0	MESH:D018827
5280953.0	MESH:D015430
5280953.0	MESH:D009765
3272925.0	MESH:D007859
3272925.0	MESH:D008569
5281671.0	MESH:D002471
196583.0	MESH:D009374
68073.0	MESH:D002779
313280.0	MESH:D005234
5467200.0	MESH:D006943
5467200.0	MESH:D066126
5467200.0	MESH:D058186
5467200.0	MESH:D008175
5467200.0	MESH:D009336
5467200.0	MESH:D007674
5467200.0	MESH:D008106
5467200.0	MESH:D056486
5467200.0	MESH:D050171
5467200.0	MESH:D009361
10207.0	MESH:C535575
10207.0	MESH:D007249
10207.0	MESH:D002294
54562.0	MESH:D006948
54562.0	MESH:D018476
54562.0	MESH:D002375
54562.0	MESH:D019970
54562.0	MESH:D006930
54562.0	MESH:D000647
54562.0	MESH:D020820
54562.0	MESH:D009374
54562.0	MESH:D009361
54562.0	MESH:D012640
54562.0	MESH:D020734
54562.0	MESH:C538231
1024.0	MESH:D010302
5317756.0	MESH:D009120
5909.0	MESH:D006332
5909.0	MESH:D008569
5909.0	MESH:D001145
5909.0	MESH:D017889
5909.0	MESH:D015812
5909.0	MESH:D005902
5909.0	MESH:D012859
5909.0	MESH:D004830
5909.0	MESH:D010146
5909.0	MESH:D019970
5909.0	MESH:D002375
5909.0	MESH:D009798
5909.0	MESH:D010554
5909.0	MESH:D014987
5909.0	MESH:D005901
5909.0	MESH:D015878
1080.0	MESH:D007249
1080.0	MESH:D009668
1080.0	MESH:D029424
595.0	MESH:D012480
5282457.0	MESH:D006937
5282457.0	MESH:D005234
5282457.0	MESH:D006526
5282457.0	MESH:D056889
5282457.0	MESH:D017453
5282457.0	MESH:D008175
5282457.0	MESH:D006949
5282457.0	MESH:D015228
5282457.0	MESH:D009361
5282457.0	MESH:D009362
6438156.0	MESH:D005234
6438156.0	MESH:D001284
6438156.0	MESH:D008106
6438156.0	MESH:D000752
6438156.0	MESH:D014806
6438156.0	MESH:D009369
6438156.0	MESH:D016481
6438156.0	MESH:D013182
6438156.0	MESH:C538556
6438156.0	MESH:D012851
6438156.0	MESH:D007024
6438156.0	MESH:D001791
6438156.0	MESH:D002386
6438156.0	MESH:D000749
6438156.0	MESH:D008661
6438156.0	MESH:D020335
6438156.0	MESH:D064420
6438156.0	MESH:D020138
6438156.0	MESH:D011602
6438156.0	MESH:D009902
6438156.0	MESH:D020521
6438156.0	MESH:D009461
6438156.0	MESH:D013118
6438156.0	MESH:D001925
6438156.0	MESH:D005235
6438156.0	MESH:D003072
6438156.0	MESH:D000740
6438156.0	MESH:D000748
6438156.0	MESH:D010198
6438156.0	MESH:D010146
6438156.0	MESH:D010523
6438156.0	MESH:D000544
1.0	MESH:D009202
1.0	MESH:D008171
1.0	MESH:D009422
1.0	MESH:D002386
1.0	MESH:D007674
1.0	MESH:D028361
1.0	MESH:D056486
1.0	MESH:D006930
1.0	MESH:D010146
1.0	MESH:D010523
1.0	MESH:D006319
1.0	MESH:D009437
1.0	MESH:D001927
107689.0	MESH:D020149
107689.0	MESH:D064420
497299.0	MESH:D019446
12035.0	MESH:D018376
12035.0	MESH:D006965
12035.0	MESH:D051436
12035.0	MESH:D018149
12035.0	MESH:D012640
12035.0	MESH:D006528
12035.0	MESH:D009069
12035.0	MESH:D007859
12035.0	MESH:D011507
12035.0	MESH:D006937
12035.0	MESH:D006505
12035.0	MESH:D009765
12035.0	MESH:D000789
12035.0	MESH:D034381
12035.0	MESH:D006967
12035.0	MESH:D003110
12035.0	MESH:D009362
12035.0	MESH:D002869
12035.0	MESH:D004427
12035.0	MESH:D003645
12035.0	MESH:D003711
12035.0	MESH:D001930
12035.0	MESH:D004487
12035.0	MESH:D004938
12035.0	MESH:D005234
12035.0	MESH:D019457
12035.0	MESH:D005334
12035.0	MESH:D007683
12035.0	MESH:D011658
12035.0	MESH:D003556
12035.0	MESH:D006959
12035.0	MESH:D008569
12035.0	MESH:D001167
12035.0	MESH:D005767
12035.0	MESH:D018188
12035.0	MESH:D058065
12035.0	MESH:D015834
12035.0	MESH:D050171
12035.0	MESH:D006948
12035.0	MESH:D006311
12035.0	MESH:D020258
12035.0	MESH:D002294
12035.0	MESH:D003925
12035.0	MESH:D015428
12035.0	MESH:D012878
12035.0	MESH:D017093
12035.0	MESH:D001744
12035.0	MESH:D003875
12035.0	MESH:D017114
12035.0	MESH:D051437
12035.0	MESH:D001714
12035.0	MESH:D007022
12035.0	MESH:D008114
12035.0	MESH:D020031
12035.0	MESH:D062787
12035.0	MESH:D007333
12035.0	MESH:D011041
12035.0	MESH:D018754
12035.0	MESH:D009410
12035.0	MESH:D048629
12035.0	MESH:D008171
12035.0	MESH:D006501
12035.0	MESH:D064420
12035.0	MESH:D013276
12035.0	MESH:D003865
12035.0	MESH:D006331
12035.0	MESH:D006417
12035.0	MESH:D012128
12035.0	MESH:D006968
12035.0	MESH:D019970
12035.0	MESH:D007249
12035.0	MESH:D002357
12035.0	MESH:D004342
12035.0	MESH:D001929
12035.0	MESH:D010523
12035.0	MESH:D009203
12035.0	MESH:D012555
12035.0	MESH:D008107
12035.0	MESH:D006529
12035.0	MESH:D006943
12035.0	MESH:D009202
12035.0	MESH:D006973
12035.0	MESH:D009336
12035.0	MESH:D055370
12035.0	MESH:D048909
12035.0	MESH:D007232
12035.0	MESH:D009361
12035.0	MESH:D011488
12035.0	MESH:D007674
12035.0	MESH:D009102
12035.0	MESH:D017202
12035.0	MESH:D009436
12035.0	MESH:D002471
12035.0	MESH:D004211
12035.0	MESH:D009205
12035.0	MESH:D056486
12035.0	MESH:D003550
12035.0	MESH:D006984
12035.0	MESH:D003072
12035.0	MESH:D003161
12035.0	MESH:D000740
12035.0	MESH:D058186
12035.0	MESH:D013375
12035.0	MESH:D006470
12035.0	MESH:D010146
12035.0	MESH:D011654
5288075.0	MESH:D007859
5288075.0	MESH:D008569
107738.0	MESH:D009202
